date,consensus_label,n_products_agreeing,n_products_total,regime_scope,consensus_confidence,any_transition,scope_change,scope_epoch
2021-01-04,Warm-Up,4,4,GLOBAL,0.7909,FALSE,TRUE,1
2021-01-05,Warm-Up,4,4,GLOBAL,0.7958,FALSE,FALSE,1
2021-01-06,Warm-Up,4,4,GLOBAL,0.793,FALSE,FALSE,1
2021-01-07,Warm-Up,4,4,GLOBAL,0.7966,FALSE,FALSE,1
2021-01-08,Warm-Up,4,4,GLOBAL,0.7784,FALSE,FALSE,1
2021-01-11,Warm-Up,4,4,GLOBAL,0.7836,FALSE,FALSE,1
2021-01-12,Warm-Up,4,4,GLOBAL,0.7962,FALSE,FALSE,1
2021-01-13,Warm-Up,4,4,GLOBAL,0.7974,FALSE,FALSE,1
2021-01-14,Warm-Up,4,4,GLOBAL,0.7974,FALSE,FALSE,1
2021-01-15,Warm-Up,4,4,GLOBAL,0.7922,FALSE,FALSE,1
2021-01-18,Warm-Up,4,4,GLOBAL,0.7893,FALSE,FALSE,1
2021-01-19,Warm-Up,4,4,GLOBAL,0.7972,FALSE,FALSE,1
2021-01-20,Warm-Up,4,4,GLOBAL,0.7922,FALSE,FALSE,1
2021-01-21,Warm-Up,4,4,GLOBAL,0.7914,FALSE,FALSE,1
2021-01-22,Warm-Up,4,4,GLOBAL,0.7954,FALSE,FALSE,1
2021-01-25,Warm-Up,4,4,GLOBAL,0.7936,FALSE,FALSE,1
2021-01-26,Warm-Up,4,4,GLOBAL,0.7955,FALSE,FALSE,1
2021-01-27,Warm-Up,4,4,GLOBAL,0.7935,FALSE,FALSE,1
2021-01-28,Warm-Up,4,4,GLOBAL,0.7883,FALSE,FALSE,1
2021-01-29,Warm-Up,4,4,GLOBAL,0.7783,FALSE,FALSE,1
2021-02-01,Warm-Up,4,4,GLOBAL,0.7772,FALSE,FALSE,1
2021-02-02,Warm-Up,4,4,GLOBAL,0.7959,FALSE,FALSE,1
2021-02-03,Warm-Up,4,4,GLOBAL,0.7979,FALSE,FALSE,1
2021-02-04,Warm-Up,4,4,GLOBAL,0.7969,FALSE,FALSE,1
2021-02-05,Warm-Up,4,4,GLOBAL,0.7959,FALSE,FALSE,1
2021-02-08,Warm-Up,4,4,GLOBAL,0.796,FALSE,FALSE,1
2021-02-09,Warm-Up,4,4,GLOBAL,0.7972,FALSE,FALSE,1
2021-02-10,Warm-Up,4,4,GLOBAL,0.795,FALSE,FALSE,1
2021-02-11,Warm-Up,4,4,GLOBAL,0.7945,FALSE,FALSE,1
2021-02-12,Warm-Up,4,4,GLOBAL,0.7974,FALSE,FALSE,1
2021-02-15,Warm-Up,4,4,GLOBAL,0.788,FALSE,FALSE,1
2021-02-16,Warm-Up,4,4,GLOBAL,0.7885,FALSE,FALSE,1
2021-02-17,Warm-Up,4,4,GLOBAL,0.7887,FALSE,FALSE,1
2021-02-18,Warm-Up,4,4,GLOBAL,0.7994,FALSE,FALSE,1
2021-02-19,Warm-Up,4,4,GLOBAL,0.7754,FALSE,FALSE,1
2021-02-22,Warm-Up,4,4,GLOBAL,0.7637,FALSE,FALSE,1
2021-02-23,Warm-Up,4,4,GLOBAL,0.7855,FALSE,FALSE,1
2021-02-24,Warm-Up,4,4,GLOBAL,0.7954,FALSE,FALSE,1
2021-02-25,Warm-Up,4,4,GLOBAL,0.7864,FALSE,FALSE,1
2021-02-26,Warm-Up,4,4,GLOBAL,0.7934,FALSE,FALSE,1
2021-03-01,Warm-Up,4,4,GLOBAL,0.7934,FALSE,FALSE,1
2021-03-02,Warm-Up,4,4,GLOBAL,0.7889,FALSE,FALSE,1
2021-03-03,Warm-Up,4,4,GLOBAL,0.7934,FALSE,FALSE,1
2021-03-04,Warm-Up,4,4,GLOBAL,0.7975,FALSE,FALSE,1
2021-03-05,Warm-Up,4,4,GLOBAL,0.787,FALSE,FALSE,1
2021-03-08,Warm-Up,4,4,GLOBAL,0.7904,FALSE,FALSE,1
2021-03-09,Warm-Up,4,4,GLOBAL,0.7892,FALSE,FALSE,1
2021-03-10,Warm-Up,4,4,GLOBAL,0.7958,FALSE,FALSE,1
2021-03-11,Warm-Up,4,4,GLOBAL,0.795,FALSE,FALSE,1
2021-03-12,Warm-Up,4,4,GLOBAL,0.789,FALSE,FALSE,1
2021-03-14,Warm-Up,4,4,GLOBAL,0.7941,FALSE,FALSE,1
2021-03-15,Warm-Up,4,4,GLOBAL,0.7925,FALSE,FALSE,1
2021-03-16,Warm-Up,4,4,GLOBAL,0.7936,FALSE,FALSE,1
2021-03-17,Warm-Up,4,4,GLOBAL,0.791,FALSE,FALSE,1
2021-03-18,Warm-Up,4,4,GLOBAL,0.791,FALSE,FALSE,1
2021-03-19,Warm-Up,4,4,GLOBAL,0.7346,FALSE,FALSE,1
2021-03-21,Warm-Up,4,4,GLOBAL,0.7342,FALSE,FALSE,1
2021-03-22,Warm-Up,4,4,GLOBAL,0.7348,FALSE,FALSE,1
2021-03-23,Warm-Up,4,4,GLOBAL,0.78,FALSE,FALSE,1
2021-03-24,Warm-Up,4,4,GLOBAL,0.7931,FALSE,FALSE,1
2021-03-25,Warm-Up,4,4,GLOBAL,0.793,FALSE,FALSE,1
2021-03-26,Warm-Up,4,4,GLOBAL,0.7802,FALSE,FALSE,1
2021-03-28,Warm-Up,4,4,GLOBAL,0.7699,FALSE,FALSE,1
2021-03-29,Warm-Up,4,4,GLOBAL,0.7664,FALSE,FALSE,1
2021-03-30,Warm-Up,4,4,GLOBAL,0.7746,FALSE,FALSE,1
2021-03-31,Warm-Up,4,4,GLOBAL,0.7592,FALSE,FALSE,1
2021-04-01,Warm-Up,4,4,GLOBAL,0.7724,FALSE,FALSE,1
2021-04-04,Warm-Up,4,4,GLOBAL,0.7681,FALSE,FALSE,1
2021-04-05,Warm-Up,4,4,GLOBAL,0.771,FALSE,FALSE,1
2021-04-06,Warm-Up,4,4,GLOBAL,0.791,FALSE,FALSE,1
2021-04-07,Warm-Up,4,4,GLOBAL,0.7952,FALSE,FALSE,1
2021-04-08,Warm-Up,4,4,GLOBAL,0.7906,FALSE,FALSE,1
2021-04-09,Warm-Up,4,4,GLOBAL,0.7929,FALSE,FALSE,1
2021-04-11,Warm-Up,4,4,GLOBAL,0.7902,FALSE,FALSE,1
2021-04-12,Warm-Up,4,4,GLOBAL,0.7918,FALSE,FALSE,1
2021-04-13,Warm-Up,4,4,GLOBAL,0.7956,FALSE,FALSE,1
2021-04-14,Warm-Up,4,4,GLOBAL,0.7968,FALSE,FALSE,1
2021-04-15,Warm-Up,4,4,GLOBAL,0.7946,FALSE,FALSE,1
2021-04-16,Warm-Up,4,4,GLOBAL,0.7874,FALSE,FALSE,1
2021-04-18,Warm-Up,4,4,GLOBAL,0.7824,FALSE,FALSE,1
2021-04-19,Warm-Up,4,4,GLOBAL,0.785,FALSE,FALSE,1
2021-04-20,Warm-Up,4,4,GLOBAL,0.7888,FALSE,FALSE,1
2021-04-21,Warm-Up,4,4,GLOBAL,0.7954,FALSE,FALSE,1
2021-04-22,Warm-Up,4,4,GLOBAL,0.7958,FALSE,FALSE,1
2021-04-23,Warm-Up,4,4,GLOBAL,0.7861,FALSE,FALSE,1
2021-04-25,Warm-Up,4,4,GLOBAL,0.7846,FALSE,FALSE,1
2021-04-26,Warm-Up,4,4,GLOBAL,0.79,FALSE,FALSE,1
2021-04-27,Warm-Up,4,4,GLOBAL,0.7969,FALSE,FALSE,1
2021-04-28,Warm-Up,4,4,GLOBAL,0.7952,FALSE,FALSE,1
2021-04-29,Warm-Up,4,4,GLOBAL,0.7946,FALSE,FALSE,1
2021-04-30,Warm-Up,4,4,GLOBAL,0.7816,FALSE,FALSE,1
2021-05-02,Warm-Up,4,4,GLOBAL,0.7732,FALSE,FALSE,1
2021-05-03,Warm-Up,4,4,GLOBAL,0.7832,FALSE,FALSE,1
2021-05-04,Warm-Up,4,4,GLOBAL,0.7911,FALSE,FALSE,1
2021-05-05,Warm-Up,4,4,GLOBAL,0.7962,FALSE,FALSE,1
2021-05-06,Warm-Up,4,4,GLOBAL,0.7985,FALSE,FALSE,1
2021-05-07,Warm-Up,4,4,GLOBAL,0.7944,FALSE,FALSE,1
2021-05-09,Warm-Up,4,4,GLOBAL,0.7965,FALSE,FALSE,1
2021-05-10,Warm-Up,4,4,GLOBAL,0.7957,FALSE,FALSE,1
2021-05-11,Warm-Up,4,4,GLOBAL,0.7955,FALSE,FALSE,1
2021-05-12,Warm-Up,4,4,GLOBAL,0.7932,FALSE,FALSE,1
2021-05-13,Warm-Up,4,4,GLOBAL,0.7939,FALSE,FALSE,1
2021-05-14,Warm-Up,4,4,GLOBAL,0.793,FALSE,FALSE,1
2021-05-16,Warm-Up,4,4,GLOBAL,0.7946,FALSE,FALSE,1
2021-05-17,Warm-Up,4,4,GLOBAL,0.794,FALSE,FALSE,1
2021-05-18,Warm-Up,4,4,GLOBAL,0.7951,FALSE,FALSE,1
2021-05-19,Warm-Up,4,4,GLOBAL,0.797,FALSE,FALSE,1
2021-05-20,Warm-Up,4,4,GLOBAL,0.7887,FALSE,FALSE,1
2021-05-21,Warm-Up,4,4,GLOBAL,0.7914,FALSE,FALSE,1
2021-05-23,Warm-Up,4,4,GLOBAL,0.7912,FALSE,FALSE,1
2021-05-24,Warm-Up,4,4,GLOBAL,0.793,FALSE,FALSE,1
2021-05-25,Warm-Up,4,4,GLOBAL,0.7974,FALSE,FALSE,1
2021-05-26,Warm-Up,4,4,GLOBAL,0.7914,FALSE,FALSE,1
2021-05-27,Warm-Up,4,4,GLOBAL,0.7858,FALSE,FALSE,1
2021-05-28,Warm-Up,4,4,GLOBAL,0.7588,FALSE,FALSE,1
2021-05-30,Warm-Up,4,4,GLOBAL,0.7836,FALSE,FALSE,1
2021-05-31,Warm-Up,4,4,GLOBAL,0.7926,FALSE,FALSE,1
2021-06-01,Warm-Up,4,4,GLOBAL,0.7938,FALSE,FALSE,1
2021-06-02,Warm-Up,4,4,GLOBAL,0.7986,FALSE,FALSE,1
2021-06-03,Warm-Up,4,4,GLOBAL,0.7989,FALSE,FALSE,1
2021-06-04,Warm-Up,4,4,GLOBAL,0.7955,FALSE,FALSE,1
2021-06-06,Warm-Up,4,4,GLOBAL,0.7953,FALSE,FALSE,1
2021-06-07,Warm-Up,4,4,GLOBAL,0.7925,FALSE,FALSE,1
2021-06-08,Warm-Up,4,4,GLOBAL,0.7949,FALSE,FALSE,1
2021-06-09,Warm-Up,4,4,GLOBAL,0.7969,FALSE,FALSE,1
2021-06-10,Warm-Up,4,4,GLOBAL,0.7965,FALSE,FALSE,1
2021-06-11,Warm-Up,4,4,GLOBAL,0.7907,FALSE,FALSE,1
2021-06-13,Warm-Up,4,4,GLOBAL,0.7849,FALSE,FALSE,1
2021-06-14,Warm-Up,4,4,GLOBAL,0.7873,FALSE,FALSE,1
2021-06-15,Warm-Up,4,4,GLOBAL,0.7966,FALSE,FALSE,1
2021-06-16,Warm-Up,4,4,GLOBAL,0.7909,FALSE,FALSE,1
2021-06-17,Warm-Up,4,4,GLOBAL,0.7936,FALSE,FALSE,1
2021-06-18,Warm-Up,4,4,GLOBAL,0.7822,FALSE,FALSE,1
2021-06-20,Warm-Up,4,4,GLOBAL,0.7809,FALSE,FALSE,1
2021-06-21,Warm-Up,4,4,GLOBAL,0.7836,FALSE,FALSE,1
2021-06-22,Warm-Up,4,4,GLOBAL,0.7691,FALSE,FALSE,1
2021-06-23,Warm-Up,4,4,GLOBAL,0.7752,FALSE,FALSE,1
2021-06-24,Warm-Up,4,4,GLOBAL,0.794,FALSE,FALSE,1
2021-06-25,Warm-Up,4,4,GLOBAL,0.7856,FALSE,FALSE,1
2021-06-27,Warm-Up,4,4,GLOBAL,0.7873,FALSE,FALSE,1
2021-06-28,Warm-Up,4,4,GLOBAL,0.7888,FALSE,FALSE,1
2021-06-29,Warm-Up,4,4,GLOBAL,0.7832,FALSE,FALSE,1
2021-06-30,Warm-Up,4,4,GLOBAL,0.783,FALSE,FALSE,1
2021-07-01,Warm-Up,4,4,GLOBAL,0.778,FALSE,FALSE,1
2021-07-02,Warm-Up,4,4,GLOBAL,0.782,FALSE,FALSE,1
2021-07-04,Warm-Up,4,4,GLOBAL,0.7819,FALSE,FALSE,1
2021-07-05,Warm-Up,4,4,GLOBAL,0.7567,FALSE,FALSE,1
2021-07-06,Warm-Up,4,4,GLOBAL,0.7829,FALSE,FALSE,1
2021-07-07,Warm-Up,4,4,GLOBAL,0.7909,FALSE,FALSE,1
2021-07-08,Warm-Up,4,4,GLOBAL,0.794,FALSE,FALSE,1
2021-07-09,Warm-Up,4,4,GLOBAL,0.7726,FALSE,FALSE,1
2021-07-12,Warm-Up,4,4,GLOBAL,0.7717,FALSE,FALSE,1
2021-07-13,Warm-Up,4,4,GLOBAL,0.791,FALSE,FALSE,1
2021-07-14,Warm-Up,4,4,GLOBAL,0.796,FALSE,FALSE,1
2021-07-15,Warm-Up,4,4,GLOBAL,0.7936,FALSE,FALSE,1
2021-07-16,Warm-Up,4,4,GLOBAL,0.792,FALSE,FALSE,1
2021-07-18,Warm-Up,4,4,GLOBAL,0.7878,FALSE,FALSE,1
2021-07-19,Warm-Up,4,4,GLOBAL,0.7799,FALSE,FALSE,1
2021-07-20,Warm-Up,4,4,GLOBAL,0.7769,FALSE,FALSE,1
2021-07-21,Warm-Up,4,4,GLOBAL,0.7767,FALSE,FALSE,1
2021-07-22,Warm-Up,4,4,GLOBAL,0.7923,FALSE,FALSE,1
2021-07-23,Warm-Up,4,4,GLOBAL,0.7928,FALSE,FALSE,1
2021-07-25,Warm-Up,4,4,GLOBAL,0.7878,FALSE,FALSE,1
2021-07-26,Warm-Up,4,4,GLOBAL,0.7909,FALSE,FALSE,1
2021-07-27,Warm-Up,4,4,GLOBAL,0.7882,FALSE,FALSE,1
2021-07-28,Warm-Up,4,4,GLOBAL,0.7972,FALSE,FALSE,1
2021-07-29,Warm-Up,4,4,GLOBAL,0.79,FALSE,FALSE,1
2021-07-30,Warm-Up,4,4,GLOBAL,0.7898,FALSE,FALSE,1
2021-08-01,Warm-Up,4,4,GLOBAL,0.7881,FALSE,FALSE,1
2021-08-02,Warm-Up,4,4,GLOBAL,0.7938,FALSE,FALSE,1
2021-08-03,Warm-Up,4,4,GLOBAL,0.7965,FALSE,FALSE,1
2021-08-04,Warm-Up,4,4,GLOBAL,0.7902,FALSE,FALSE,1
2021-08-05,Warm-Up,4,4,GLOBAL,0.7908,FALSE,FALSE,1
2021-08-06,Warm-Up,4,4,GLOBAL,0.7712,FALSE,FALSE,1
2021-08-08,Warm-Up,4,4,GLOBAL,0.7687,FALSE,FALSE,1
2021-08-09,Warm-Up,4,4,GLOBAL,0.7749,FALSE,FALSE,1
2021-08-10,Warm-Up,4,4,GLOBAL,0.7949,FALSE,FALSE,1
2021-08-11,Warm-Up,4,4,GLOBAL,0.7973,FALSE,FALSE,1
2021-08-12,Warm-Up,4,4,GLOBAL,0.7945,FALSE,FALSE,1
2021-08-13,Warm-Up,4,4,GLOBAL,0.7932,FALSE,FALSE,1
2021-08-15,Warm-Up,4,4,GLOBAL,0.798,FALSE,FALSE,1
2021-08-16,Warm-Up,4,4,GLOBAL,0.7965,FALSE,FALSE,1
2021-08-17,Warm-Up,4,4,GLOBAL,0.795,FALSE,FALSE,1
2021-08-18,Warm-Up,4,4,GLOBAL,0.798,FALSE,FALSE,1
2021-08-19,Warm-Up,4,4,GLOBAL,0.7976,FALSE,FALSE,1
2021-08-20,Warm-Up,4,4,GLOBAL,0.7879,FALSE,FALSE,1
2021-08-22,Warm-Up,4,4,GLOBAL,0.7629,FALSE,FALSE,1
2021-08-23,Warm-Up,4,4,GLOBAL,0.7693,FALSE,FALSE,1
2021-08-24,Warm-Up,4,4,GLOBAL,0.7955,FALSE,FALSE,1
2021-08-25,Warm-Up,4,4,GLOBAL,0.7898,FALSE,FALSE,1
2021-08-26,Warm-Up,4,4,GLOBAL,0.7966,FALSE,FALSE,1
2021-08-27,Warm-Up,4,4,GLOBAL,0.7915,FALSE,FALSE,1
2021-08-29,Warm-Up,4,4,GLOBAL,0.7696,FALSE,FALSE,1
2021-08-30,Warm-Up,4,4,GLOBAL,0.7668,FALSE,FALSE,1
2021-08-31,Warm-Up,4,4,GLOBAL,0.7702,FALSE,FALSE,1
2021-09-01,Warm-Up,4,4,GLOBAL,0.7752,FALSE,FALSE,1
2021-09-02,Warm-Up,4,4,GLOBAL,0.7907,FALSE,FALSE,1
2021-09-03,Warm-Up,4,4,GLOBAL,0.7932,FALSE,FALSE,1
2021-09-05,Warm-Up,3,4,BROAD,0.7856,FALSE,TRUE,2
2021-09-06,Warm-Up,3,4,BROAD,0.7837,FALSE,FALSE,2
2021-09-07,Warm-Up,3,4,BROAD,0.7915,FALSE,FALSE,2
2021-09-08,Warm-Up,3,4,BROAD,0.7853,FALSE,FALSE,2
2021-09-09,Warm-Up,3,4,BROAD,0.7978,FALSE,FALSE,2
2021-09-10,Warm-Up,3,4,BROAD,0.7863,FALSE,FALSE,2
2021-09-12,Warm-Up,3,4,BROAD,0.7844,FALSE,FALSE,2
2021-09-13,Warm-Up,3,4,BROAD,0.791,FALSE,FALSE,2
2021-09-14,Warm-Up,3,4,BROAD,0.7881,FALSE,FALSE,2
2021-09-15,Warm-Up,3,4,BROAD,0.7849,FALSE,FALSE,2
2021-09-16,Warm-Up,3,4,BROAD,0.7811,FALSE,FALSE,2
2021-09-17,Warm-Up,3,4,BROAD,0.7763,FALSE,FALSE,2
2021-09-19,Warm-Up,3,4,BROAD,0.7693,FALSE,FALSE,2
2021-09-20,Warm-Up,3,4,BROAD,0.7622,FALSE,FALSE,2
2021-09-21,Warm-Up,3,4,BROAD,0.7631,FALSE,FALSE,2
2021-09-22,Warm-Up,3,4,BROAD,0.7576,FALSE,FALSE,2
2021-09-23,Warm-Up,3,4,BROAD,0.7532,FALSE,FALSE,2
2021-09-24,Warm-Up,3,4,BROAD,0.747,FALSE,FALSE,2
2021-09-26,Warm-Up,3,4,BROAD,0.7335,FALSE,FALSE,2
2021-09-27,Warm-Up,3,4,BROAD,0.7349,FALSE,FALSE,2
2021-09-28,Warm-Up,3,4,BROAD,0.7298,FALSE,FALSE,2
2021-09-29,Warm-Up,3,4,BROAD,0.7244,FALSE,FALSE,2
2021-09-30,Warm-Up,3,4,BROAD,0.6879,FALSE,FALSE,2
2021-10-01,Warm-Up,3,4,BROAD,0.6994,FALSE,FALSE,2
2021-10-03,Warm-Up,3,4,BROAD,0.6939,FALSE,FALSE,2
2021-10-04,Warm-Up,3,4,BROAD,0.6876,FALSE,FALSE,2
2021-10-05,Warm-Up,3,4,BROAD,0.7026,FALSE,FALSE,2
2021-10-06,Warm-Up,3,4,BROAD,0.701,FALSE,FALSE,2
2021-10-07,Warm-Up,3,4,BROAD,0.6935,FALSE,FALSE,2
2021-10-08,Warm-Up,3,4,BROAD,0.6488,FALSE,FALSE,2
2021-10-10,Warm-Up,3,4,BROAD,0.6322,FALSE,FALSE,2
2021-10-11,Warm-Up,3,4,BROAD,0.6335,FALSE,FALSE,2
2021-10-12,Warm-Up,3,4,BROAD,0.6645,FALSE,FALSE,2
2021-10-13,Warm-Up,3,4,BROAD,0.7032,FALSE,FALSE,2
2021-10-14,Warm-Up,3,4,BROAD,0.7212,FALSE,FALSE,2
2021-10-15,Warm-Up,3,4,BROAD,0.7141,FALSE,FALSE,2
2021-10-17,Warm-Up,3,4,BROAD,0.7177,FALSE,FALSE,2
2021-10-18,Warm-Up,3,4,BROAD,0.7246,FALSE,FALSE,2
2021-10-19,Warm-Up,3,4,BROAD,0.736,FALSE,FALSE,2
2021-10-20,Warm-Up,3,4,BROAD,0.7324,FALSE,FALSE,2
2021-10-21,Warm-Up,3,4,BROAD,0.7323,FALSE,FALSE,2
2021-10-22,Warm-Up,3,4,BROAD,0.7271,FALSE,FALSE,2
2021-10-24,Warm-Up,3,4,BROAD,0.7218,FALSE,FALSE,2
2021-10-25,Warm-Up,3,4,BROAD,0.7324,FALSE,FALSE,2
2021-10-26,Warm-Up,3,4,BROAD,0.7343,FALSE,FALSE,2
2021-10-27,Warm-Up,3,4,BROAD,0.7244,FALSE,FALSE,2
2021-10-28,Warm-Up,3,4,BROAD,0.7143,FALSE,FALSE,2
2021-10-29,Warm-Up,3,4,BROAD,0.7074,FALSE,FALSE,2
2021-10-31,Warm-Up,3,4,BROAD,0.6986,FALSE,FALSE,2
2021-11-01,Warm-Up,3,4,BROAD,0.7142,FALSE,FALSE,2
2021-11-02,Warm-Up,3,4,BROAD,0.7269,FALSE,FALSE,2
2021-11-03,Warm-Up,3,4,BROAD,0.7353,FALSE,FALSE,2
2021-11-04,Warm-Up,3,4,BROAD,0.7339,FALSE,FALSE,2
2021-11-05,Warm-Up,3,4,BROAD,0.7342,FALSE,FALSE,2
2021-11-08,Warm-Up,3,4,BROAD,0.7291,FALSE,FALSE,2
2021-11-09,Warm-Up,3,4,BROAD,0.7146,FALSE,FALSE,2
2021-11-10,Warm-Up,3,4,BROAD,0.7288,FALSE,FALSE,2
2021-11-11,Warm-Up,3,4,BROAD,0.7314,FALSE,FALSE,2
2021-11-12,Warm-Up,3,4,BROAD,0.7329,FALSE,FALSE,2
2021-11-15,Warm-Up,3,4,BROAD,0.7208,FALSE,FALSE,2
2021-11-16,Warm-Up,3,4,BROAD,0.7127,FALSE,FALSE,2
2021-11-17,Warm-Up,3,4,BROAD,0.7161,FALSE,FALSE,2
2021-11-18,Warm-Up,3,4,BROAD,0.7464,FALSE,FALSE,2
2021-11-19,Warm-Up,3,4,BROAD,0.7335,FALSE,FALSE,2
2021-11-22,Warm-Up,3,4,BROAD,0.7405,FALSE,FALSE,2
2021-11-23,Warm-Up,3,4,BROAD,0.765,FALSE,FALSE,2
2021-11-24,Warm-Up,3,4,BROAD,0.7603,FALSE,FALSE,2
2021-11-25,Warm-Up,3,4,BROAD,0.7485,FALSE,FALSE,2
2021-11-26,Warm-Up,3,4,BROAD,0.7478,FALSE,FALSE,2
2021-11-29,Warm-Up,3,4,BROAD,0.7575,FALSE,FALSE,2
2021-11-30,Warm-Up,3,4,BROAD,0.7869,FALSE,FALSE,2
2021-12-01,Warm-Up,3,4,BROAD,0.793,FALSE,FALSE,2
2021-12-02,Warm-Up,3,4,BROAD,0.7976,FALSE,FALSE,2
2021-12-03,Warm-Up,3,4,BROAD,0.7734,FALSE,FALSE,2
2021-12-06,Warm-Up,3,4,BROAD,0.7847,FALSE,FALSE,2
2021-12-07,Warm-Up,3,4,BROAD,0.8188,FALSE,FALSE,2
2021-12-08,Warm-Up,3,4,BROAD,0.828,FALSE,FALSE,2
2021-12-09,Warm-Up,3,4,BROAD,0.8277,FALSE,FALSE,2
2021-12-10,Warm-Up,3,4,BROAD,0.8254,FALSE,FALSE,2
2021-12-13,Warm-Up,3,4,BROAD,0.8401,FALSE,FALSE,2
2021-12-14,Warm-Up,3,4,BROAD,0.8486,FALSE,FALSE,2
2021-12-15,Warm-Up,3,4,BROAD,0.8537,FALSE,FALSE,2
2021-12-16,Warm-Up,3,4,BROAD,0.8555,FALSE,FALSE,2
2021-12-17,Warm-Up,3,4,BROAD,0.8514,FALSE,FALSE,2
2021-12-20,Warm-Up,3,4,BROAD,0.8459,FALSE,FALSE,2
2021-12-21,Warm-Up,3,4,BROAD,0.8619,FALSE,FALSE,2
2021-12-22,Warm-Up,3,4,BROAD,0.8594,FALSE,FALSE,2
2021-12-23,Warm-Up,3,4,BROAD,0.8617,FALSE,FALSE,2
2021-12-24,Warm-Up,3,4,BROAD,0.856,FALSE,FALSE,2
2021-12-27,Warm-Up,3,4,BROAD,0.8563,FALSE,FALSE,2
2021-12-28,Warm-Up,3,4,BROAD,0.8628,FALSE,FALSE,2
2021-12-29,Warm-Up,3,4,BROAD,0.8362,FALSE,FALSE,2
2021-12-30,Warm-Up,3,4,BROAD,0.8393,FALSE,FALSE,2
2021-12-31,Warm-Up,3,4,BROAD,0.8041,FALSE,FALSE,2
2022-01-03,Warm-Up,3,4,BROAD,0.788,FALSE,FALSE,2
2022-01-04,Warm-Up,3,4,BROAD,0.8268,FALSE,FALSE,2
2022-01-05,Warm-Up,3,4,BROAD,0.828,FALSE,FALSE,2
2022-01-06,Warm-Up,3,4,BROAD,0.819,FALSE,FALSE,2
2022-01-07,Warm-Up,3,4,BROAD,0.801,FALSE,FALSE,2
2022-01-10,Warm-Up,3,4,BROAD,0.7908,FALSE,FALSE,2
2022-01-11,Warm-Up,3,4,BROAD,0.7943,FALSE,FALSE,2
2022-01-12,Warm-Up,3,4,BROAD,0.7969,FALSE,FALSE,2
2022-01-13,Warm-Up,3,4,BROAD,0.7981,FALSE,FALSE,2
2022-01-14,Warm-Up,3,4,BROAD,0.7959,FALSE,FALSE,2
2022-01-17,Warm-Up,3,4,BROAD,0.7745,FALSE,FALSE,2
2022-01-18,Warm-Up,3,4,BROAD,0.7793,FALSE,FALSE,2
2022-01-19,Warm-Up,3,4,BROAD,0.7715,TRUE,FALSE,2
2022-01-20,Warm-Up,3,4,BROAD,0.7552,TRUE,FALSE,2
2022-01-21,Warm-Up,3,4,BROAD,0.7559,TRUE,FALSE,2
2022-01-24,Warm-Up,3,4,BROAD,0.7448,TRUE,FALSE,2
2022-01-25,Warm-Up,3,4,BROAD,0.7367,TRUE,FALSE,2
2022-01-26,Warm-Up,3,4,BROAD,0.7395,TRUE,FALSE,2
2022-01-27,Warm-Up,3,4,BROAD,0.7312,TRUE,FALSE,2
2022-01-28,Warm-Up,3,4,BROAD,0.7364,TRUE,FALSE,2
2022-01-31,Warm-Up,3,4,BROAD,0.7611,FALSE,FALSE,2
2022-02-01,Warm-Up,3,4,BROAD,0.7585,FALSE,FALSE,2
2022-02-02,Warm-Up,3,4,BROAD,0.7546,FALSE,FALSE,2
2022-02-03,Warm-Up,3,4,BROAD,0.7539,FALSE,FALSE,2
2022-02-04,Warm-Up,3,4,BROAD,0.7294,FALSE,FALSE,2
2022-02-07,Warm-Up,3,4,BROAD,0.7401,FALSE,FALSE,2
2022-02-08,Warm-Up,3,4,BROAD,0.7188,FALSE,FALSE,2
2022-02-09,Warm-Up,3,4,BROAD,0.733,FALSE,FALSE,2
2022-02-10,Warm-Up,3,4,BROAD,0.7186,FALSE,FALSE,2
2022-02-11,Warm-Up,3,4,BROAD,0.6994,FALSE,FALSE,2
2022-02-14,Warm-Up,3,4,BROAD,0.6998,FALSE,FALSE,2
2022-02-15,Warm-Up,3,4,BROAD,0.6939,FALSE,FALSE,2
2022-02-16,Warm-Up,3,4,BROAD,0.6898,FALSE,FALSE,2
2022-02-17,Warm-Up,2,4,LOCAL,0.7128,FALSE,TRUE,3
2022-02-18,Easing-Backwardation,2,4,LOCAL,0.7325,FALSE,FALSE,3
2022-02-21,Easing-Backwardation,2,4,LOCAL,0.6617,FALSE,FALSE,3
2022-02-22,Warm-Up,2,4,LOCAL,0.704,FALSE,FALSE,3
2022-02-23,Warm-Up,2,4,LOCAL,0.6836,TRUE,FALSE,3
2022-02-24,Warm-Up,2,4,LOCAL,0.6876,TRUE,FALSE,3
2022-02-25,Warm-Up,2,4,LOCAL,0.667,TRUE,FALSE,3
2022-02-28,Warm-Up,2,4,LOCAL,0.618,TRUE,FALSE,3
2022-03-01,Warm-Up,2,4,LOCAL,0.7047,TRUE,FALSE,3
2022-03-02,Warm-Up,2,4,LOCAL,0.6118,TRUE,FALSE,3
2022-03-03,Warm-Up,2,4,LOCAL,0.6424,TRUE,FALSE,3
2022-03-04,Warm-Up,2,4,LOCAL,0.7088,TRUE,FALSE,3
2022-03-07,Deep-Backwardation,2,4,LOCAL,0.7046,FALSE,FALSE,3
2022-03-08,Deep-Backwardation,2,4,LOCAL,0.593,FALSE,FALSE,3
2022-03-09,Deep-Backwardation,2,4,LOCAL,0.705,FALSE,FALSE,3
2022-03-10,Deep-Backwardation,2,4,LOCAL,0.673,FALSE,FALSE,3
2022-03-11,Deep-Backwardation,2,4,LOCAL,0.7649,FALSE,FALSE,3
2022-03-13,Deep-Backwardation,2,4,LOCAL,0.6736,FALSE,FALSE,3
2022-03-14,Deep-Backwardation,2,4,LOCAL,0.7172,FALSE,FALSE,3
2022-03-15,Warm-Up,2,4,LOCAL,0.6243,FALSE,FALSE,3
2022-03-16,Warm-Up,2,4,LOCAL,0.7339,FALSE,FALSE,3
2022-03-17,Warm-Up,2,4,LOCAL,0.7746,FALSE,FALSE,3
2022-03-18,Deep-Backwardation,2,4,LOCAL,0.7732,FALSE,FALSE,3
2022-03-20,Deep-Backwardation,2,4,LOCAL,0.7867,FALSE,FALSE,3
2022-03-21,Deep-Backwardation,2,4,LOCAL,0.7687,FALSE,FALSE,3
2022-03-22,Deep-Backwardation,2,4,LOCAL,0.7902,FALSE,FALSE,3
2022-03-23,Deep-Backwardation,2,4,LOCAL,0.7725,FALSE,FALSE,3
2022-03-24,Deep-Backwardation,2,4,LOCAL,0.8201,FALSE,FALSE,3
2022-03-25,Deep-Backwardation,2,4,LOCAL,0.8065,FALSE,FALSE,3
2022-03-27,Deep-Backwardation,2,4,LOCAL,0.8338,FALSE,FALSE,3
2022-03-28,Deep-Backwardation,2,4,LOCAL,0.8268,FALSE,FALSE,3
2022-03-29,Deep-Backwardation,2,4,LOCAL,0.8707,FALSE,FALSE,3
2022-03-30,Deep-Backwardation,2,4,LOCAL,0.8085,FALSE,FALSE,3
2022-03-31,Deep-Backwardation,2,4,LOCAL,0.8528,FALSE,FALSE,3
2022-04-01,Warm-Up,2,4,LOCAL,0.771,FALSE,FALSE,3
2022-04-03,Warm-Up,2,4,LOCAL,0.8092,FALSE,FALSE,3
2022-04-04,Warm-Up,2,4,LOCAL,0.8107,FALSE,FALSE,3
2022-04-05,Warm-Up,2,4,LOCAL,0.7512,FALSE,FALSE,3
2022-04-06,Warm-Up,2,4,LOCAL,0.8294,FALSE,FALSE,3
2022-04-07,Warm-Up,2,4,LOCAL,0.7994,FALSE,FALSE,3
2022-04-08,Warm-Up,2,4,LOCAL,0.8704,FALSE,FALSE,3
2022-04-10,Warm-Up,2,4,LOCAL,0.7676,FALSE,FALSE,3
2022-04-11,Warm-Up,2,4,LOCAL,0.7215,FALSE,FALSE,3
2022-04-12,Warm-Up,2,4,LOCAL,0.7487,FALSE,FALSE,3
2022-04-13,Warm-Up,2,4,LOCAL,0.7608,FALSE,FALSE,3
2022-04-14,Warm-Up,2,4,LOCAL,0.7993,FALSE,FALSE,3
2022-04-17,Warm-Up,2,4,LOCAL,0.8125,FALSE,FALSE,3
2022-04-18,Warm-Up,2,4,LOCAL,0.7856,FALSE,FALSE,3
2022-04-19,Warm-Up,2,4,LOCAL,0.8398,FALSE,FALSE,3
2022-04-20,Warm-Up,2,4,LOCAL,0.8138,FALSE,FALSE,3
2022-04-21,Warm-Up,2,4,LOCAL,0.8124,FALSE,FALSE,3
2022-04-22,Warm-Up,2,4,LOCAL,0.7903,FALSE,FALSE,3
2022-04-24,Deep-Backwardation,2,4,LOCAL,0.7976,FALSE,FALSE,3
2022-04-25,Deep-Backwardation,2,4,LOCAL,0.8667,FALSE,FALSE,3
2022-04-26,Deep-Backwardation,2,4,LOCAL,0.8112,FALSE,FALSE,3
2022-04-27,Deep-Backwardation,2,4,LOCAL,0.8602,FALSE,FALSE,3
2022-04-28,Deep-Backwardation,2,4,LOCAL,0.8346,FALSE,FALSE,3
2022-04-29,Deep-Backwardation,3,4,BROAD,0.6278,FALSE,TRUE,4
2022-05-01,Deep-Backwardation,3,4,BROAD,0.7004,TRUE,FALSE,4
2022-05-02,Deep-Backwardation,3,4,BROAD,0.6795,TRUE,FALSE,4
2022-05-03,Deep-Backwardation,2,4,LOCAL,0.8326,TRUE,TRUE,5
2022-05-04,Deep-Backwardation,3,4,BROAD,0.7205,TRUE,TRUE,6
2022-05-05,Deep-Backwardation,2,4,LOCAL,0.7506,TRUE,TRUE,7
2022-05-06,Deep-Backwardation,2,4,LOCAL,0.7751,TRUE,FALSE,7
2022-05-08,Deep-Backwardation,2,4,LOCAL,0.837,TRUE,FALSE,7
2022-05-09,Deep-Backwardation,2,4,LOCAL,0.6649,TRUE,FALSE,7
2022-05-10,Deep-Backwardation,2,4,LOCAL,0.6134,TRUE,FALSE,7
2022-05-11,Deep-Backwardation,2,4,LOCAL,0.67,TRUE,FALSE,7
2022-05-12,Deep-Backwardation,2,4,LOCAL,0.7796,TRUE,FALSE,7
2022-05-13,Deep-Backwardation,2,4,LOCAL,0.7795,TRUE,FALSE,7
2022-05-15,Deep-Backwardation,2,4,LOCAL,0.7815,TRUE,FALSE,7
2022-05-16,Deep-Backwardation,2,4,LOCAL,0.7428,FALSE,FALSE,7
2022-05-17,Deep-Backwardation,2,4,LOCAL,0.7514,FALSE,FALSE,7
2022-05-18,Deep-Backwardation,2,4,LOCAL,0.7495,FALSE,FALSE,7
2022-05-19,Deep-Backwardation,2,4,LOCAL,0.7706,FALSE,FALSE,7
2022-05-20,Deep-Backwardation,2,4,LOCAL,0.7405,FALSE,FALSE,7
2022-05-22,Deep-Backwardation,3,4,BROAD,0.6893,FALSE,TRUE,8
2022-05-23,Deep-Backwardation,2,4,LOCAL,0.7704,TRUE,TRUE,9
2022-05-24,Deep-Backwardation,2,4,LOCAL,0.8012,TRUE,FALSE,9
2022-05-25,Deep-Backwardation,2,4,LOCAL,0.7839,TRUE,FALSE,9
2022-05-26,Deep-Backwardation,2,4,LOCAL,0.8006,TRUE,FALSE,9
2022-05-27,Deep-Backwardation,2,4,LOCAL,0.7832,TRUE,FALSE,9
2022-05-29,Deep-Backwardation,2,4,LOCAL,0.777,TRUE,FALSE,9
2022-05-30,Deep-Backwardation,2,4,LOCAL,0.7952,TRUE,FALSE,9
2022-05-31,Deep-Backwardation,2,4,LOCAL,0.7212,TRUE,FALSE,9
2022-06-01,Deep-Backwardation,2,4,LOCAL,0.7096,TRUE,FALSE,9
2022-06-02,Deep-Backwardation,2,4,LOCAL,0.7698,TRUE,FALSE,9
2022-06-03,Deep-Backwardation,2,4,LOCAL,0.8227,FALSE,FALSE,9
2022-06-05,Deep-Backwardation,2,4,LOCAL,0.8199,FALSE,FALSE,9
2022-06-06,Deep-Backwardation,2,4,LOCAL,0.7919,FALSE,FALSE,9
2022-06-07,Deep-Backwardation,2,4,LOCAL,0.8474,FALSE,FALSE,9
2022-06-08,Deep-Backwardation,2,4,LOCAL,0.8706,FALSE,FALSE,9
2022-06-09,Deep-Backwardation,2,4,LOCAL,0.8701,FALSE,FALSE,9
2022-06-10,Deep-Backwardation,2,4,LOCAL,0.7675,FALSE,FALSE,9
2022-06-12,Deep-Backwardation,2,4,LOCAL,0.7924,FALSE,FALSE,9
2022-06-13,Deep-Backwardation,2,4,LOCAL,0.8478,FALSE,FALSE,9
2022-06-14,Deep-Backwardation,2,4,LOCAL,0.8343,FALSE,FALSE,9
2022-06-15,Deep-Backwardation,2,4,LOCAL,0.8636,FALSE,FALSE,9
2022-06-16,Deep-Backwardation,2,4,LOCAL,0.8583,FALSE,FALSE,9
2022-06-17,Deep-Backwardation,2,4,LOCAL,0.8409,FALSE,FALSE,9
2022-06-19,Backwardation-Deficit,2,4,LOCAL,0.738,FALSE,FALSE,9
2022-06-20,Deep-Backwardation,2,4,LOCAL,0.8134,FALSE,FALSE,9
2022-06-21,Deep-Backwardation,2,4,LOCAL,0.8076,FALSE,FALSE,9
2022-06-22,Deep-Backwardation,2,4,LOCAL,0.794,FALSE,FALSE,9
2022-06-23,Deep-Backwardation,2,4,LOCAL,0.7882,FALSE,FALSE,9
2022-06-24,Deep-Backwardation,2,4,LOCAL,0.7817,FALSE,FALSE,9
2022-06-26,Deep-Backwardation,2,4,LOCAL,0.7912,FALSE,FALSE,9
2022-06-27,Deep-Backwardation,2,4,LOCAL,0.7896,FALSE,FALSE,9
2022-06-28,Deep-Backwardation,2,4,LOCAL,0.7682,FALSE,FALSE,9
2022-06-29,Deep-Backwardation,2,4,LOCAL,0.6416,FALSE,FALSE,9
2022-06-30,Deep-Backwardation,2,4,LOCAL,0.6652,FALSE,FALSE,9
2022-07-01,Deep-Backwardation,2,4,LOCAL,0.705,FALSE,FALSE,9
2022-07-03,Deep-Backwardation,2,4,LOCAL,0.7269,FALSE,FALSE,9
2022-07-04,Deep-Backwardation,2,4,LOCAL,0.7565,FALSE,FALSE,9
2022-07-05,Deep-Backwardation,2,4,LOCAL,0.6252,FALSE,FALSE,9
2022-07-06,Deep-Backwardation,2,4,LOCAL,0.6108,FALSE,FALSE,9
2022-07-07,Backwardation-Deficit,1,4,DIVERGENT,0.8234,TRUE,TRUE,10
2022-07-08,Backwardation-Deficit,1,4,DIVERGENT,0.7876,TRUE,FALSE,10
2022-07-10,Backwardation-Deficit,1,4,DIVERGENT,0.7491,TRUE,FALSE,10
2022-07-11,Deep-Backwardation,1,4,DIVERGENT,0.8733,TRUE,FALSE,10
2022-07-12,Deep-Backwardation,1,4,DIVERGENT,0.8444,TRUE,FALSE,10
2022-07-13,Deep-Backwardation,1,4,DIVERGENT,0.7699,TRUE,FALSE,10
2022-07-14,Deep-Backwardation,1,4,DIVERGENT,0.8403,TRUE,FALSE,10
2022-07-15,Backwardation-Deficit,1,4,DIVERGENT,0.7051,TRUE,FALSE,10
2022-07-17,Deep-Backwardation,1,4,DIVERGENT,0.7799,TRUE,FALSE,10
2022-07-18,Deep-Backwardation,2,4,LOCAL,0.6844,FALSE,TRUE,11
2022-07-19,Backwardation-Deficit,1,4,DIVERGENT,0.6486,FALSE,TRUE,12
2022-07-20,Backwardation-Deficit,1,4,DIVERGENT,0.6195,FALSE,FALSE,12
2022-07-21,Easing-Backwardation,2,4,LOCAL,0.6362,FALSE,TRUE,13
2022-07-22,Easing-Backwardation,2,4,LOCAL,0.6308,FALSE,FALSE,13
2022-07-24,Easing-Backwardation,2,4,LOCAL,0.6556,FALSE,FALSE,13
2022-07-25,Deep-Backwardation,2,4,LOCAL,0.6777,FALSE,FALSE,13
2022-07-26,Easing-Backwardation,2,4,LOCAL,0.641,FALSE,FALSE,13
2022-07-27,Deep-Backwardation,1,4,DIVERGENT,0.6815,TRUE,TRUE,14
2022-07-28,Deep-Backwardation,1,4,DIVERGENT,0.5645,TRUE,FALSE,14
2022-07-29,Deep-Backwardation,1,4,DIVERGENT,0.4283,TRUE,FALSE,14
2022-07-31,Backwardation-Deficit,1,4,DIVERGENT,0.7486,TRUE,FALSE,14
2022-08-01,Stable-Elevated,2,4,LOCAL,0.7152,TRUE,TRUE,15
2022-08-02,Stable-Elevated,3,4,BROAD,0.713,TRUE,TRUE,16
2022-08-03,Stable-Elevated,3,4,BROAD,0.7115,TRUE,FALSE,16
2022-08-04,Stable-Elevated,2,4,LOCAL,0.7736,TRUE,TRUE,17
2022-08-05,Stable-Elevated,2,4,LOCAL,0.7268,TRUE,FALSE,17
2022-08-07,Stable-Elevated,2,4,LOCAL,0.7266,TRUE,FALSE,17
2022-08-08,Stable-Elevated,2,4,LOCAL,0.719,TRUE,FALSE,17
2022-08-09,Stable-Elevated,2,4,LOCAL,0.7958,TRUE,FALSE,17
2022-08-10,Stable-Elevated,2,4,LOCAL,0.7875,TRUE,FALSE,17
2022-08-11,Stable-Elevated,2,4,LOCAL,0.7688,TRUE,FALSE,17
2022-08-12,Stable-Elevated,2,4,LOCAL,0.647,TRUE,FALSE,17
2022-08-14,Deep-Contango,1,4,DIVERGENT,0.44,TRUE,TRUE,18
2022-08-15,Stable-Elevated,3,4,BROAD,0.6399,FALSE,TRUE,19
2022-08-16,Stable-Elevated,3,4,BROAD,0.7048,FALSE,FALSE,19
2022-08-17,Stable-Elevated,3,4,BROAD,0.7047,FALSE,FALSE,19
2022-08-18,Stable-Elevated,3,4,BROAD,0.715,FALSE,FALSE,19
2022-08-19,Stable-Elevated,3,4,BROAD,0.714,FALSE,FALSE,19
2022-08-21,Stable-Elevated,3,4,BROAD,0.7377,TRUE,FALSE,19
2022-08-22,Stable-Elevated,2,4,LOCAL,0.7827,TRUE,TRUE,20
2022-08-23,Stable-Elevated,2,4,LOCAL,0.7572,TRUE,FALSE,20
2022-08-24,Stable-Elevated,2,4,LOCAL,0.7948,TRUE,FALSE,20
2022-08-25,Stable-Elevated,2,4,LOCAL,0.7576,TRUE,FALSE,20
2022-08-26,Stable-Elevated,2,4,LOCAL,0.7438,TRUE,FALSE,20
2022-08-28,Stable-Elevated,2,4,LOCAL,0.8132,TRUE,FALSE,20
2022-08-29,Stable-Elevated,2,4,LOCAL,0.7615,TRUE,FALSE,20
2022-08-30,Stable-Elevated,2,4,LOCAL,0.83,TRUE,FALSE,20
2022-08-31,Stable-Elevated,2,4,LOCAL,0.7377,TRUE,FALSE,20
2022-09-01,Stable-Elevated,3,4,BROAD,0.7679,FALSE,TRUE,21
2022-09-02,Stable-Elevated,3,4,BROAD,0.7705,FALSE,FALSE,21
2022-09-04,Stable-Elevated,3,4,BROAD,0.7784,FALSE,FALSE,21
2022-09-05,Stable-Elevated,3,4,BROAD,0.7692,FALSE,FALSE,21
2022-09-06,Stable-Elevated,3,4,BROAD,0.7834,FALSE,FALSE,21
2022-09-07,Stable-Elevated,3,4,BROAD,0.8001,FALSE,FALSE,21
2022-09-08,Stable-Elevated,3,4,BROAD,0.771,FALSE,FALSE,21
2022-09-09,Stable-Elevated,3,4,BROAD,0.754,FALSE,FALSE,21
2022-09-11,Stable-Elevated,2,4,LOCAL,0.8746,FALSE,TRUE,22
2022-09-12,Stable-Elevated,3,4,BROAD,0.7623,FALSE,TRUE,23
2022-09-13,Stable-Elevated,3,4,BROAD,0.7735,FALSE,FALSE,23
2022-09-14,Stable-Elevated,3,4,BROAD,0.8353,FALSE,FALSE,23
2022-09-15,Stable-Elevated,3,4,BROAD,0.8262,FALSE,FALSE,23
2022-09-16,Stable-Elevated,3,4,BROAD,0.7938,FALSE,FALSE,23
2022-09-18,Stable-Elevated,2,4,LOCAL,0.8836,FALSE,TRUE,24
2022-09-19,Stable-Elevated,3,4,BROAD,0.8125,FALSE,TRUE,25
2022-09-20,Stable-Elevated,3,4,BROAD,0.8649,FALSE,FALSE,25
2022-09-21,Stable-Elevated,3,4,BROAD,0.8749,FALSE,FALSE,25
2022-09-22,Stable-Elevated,3,4,BROAD,0.8561,FALSE,FALSE,25
2022-09-23,Stable-Elevated,3,4,BROAD,0.8646,FALSE,FALSE,25
2022-09-25,Stable-Elevated,3,4,BROAD,0.8716,FALSE,FALSE,25
2022-09-26,Stable-Elevated,3,4,BROAD,0.8544,FALSE,FALSE,25
2022-09-27,Stable-Elevated,3,4,BROAD,0.8878,FALSE,FALSE,25
2022-09-28,Stable-Elevated,3,4,BROAD,0.8609,FALSE,FALSE,25
2022-09-29,Stable-Elevated,3,4,BROAD,0.8391,FALSE,FALSE,25
2022-09-30,Stable-Elevated,2,4,LOCAL,0.8494,FALSE,TRUE,26
2022-10-02,Stable-Elevated,3,4,BROAD,0.8296,FALSE,TRUE,27
2022-10-03,Stable-Elevated,2,4,LOCAL,0.8966,FALSE,TRUE,28
2022-10-04,Stable-Elevated,2,4,LOCAL,0.8856,FALSE,FALSE,28
2022-10-05,Stable-Elevated,2,4,LOCAL,0.8634,FALSE,FALSE,28
2022-10-06,Stable-Elevated,2,4,LOCAL,0.8808,FALSE,FALSE,28
2022-10-07,Stable-Elevated,2,4,LOCAL,0.8566,FALSE,FALSE,28
2022-10-09,Stable-Elevated,2,4,LOCAL,0.8728,FALSE,FALSE,28
2022-10-10,Stable-Elevated,2,4,LOCAL,0.8293,FALSE,FALSE,28
2022-10-11,Backwardation-Deficit,1,4,DIVERGENT,0.805,FALSE,TRUE,29
2022-10-12,Stable-Elevated,2,4,LOCAL,0.8243,FALSE,TRUE,30
2022-10-13,Backwardation-Deficit,2,4,LOCAL,0.7026,FALSE,FALSE,30
2022-10-14,Backwardation-Deficit,2,4,LOCAL,0.815,FALSE,FALSE,30
2022-10-16,Easing-Backwardation,2,4,LOCAL,0.826,FALSE,FALSE,30
2022-10-17,Easing-Backwardation,2,4,LOCAL,0.8436,FALSE,FALSE,30
2022-10-18,Easing-Backwardation,2,4,LOCAL,0.7059,FALSE,FALSE,30
2022-10-19,Easing-Backwardation,2,4,LOCAL,0.7503,FALSE,FALSE,30
2022-10-20,Easing-Backwardation,2,4,LOCAL,0.7614,FALSE,FALSE,30
2022-10-21,Easing-Backwardation,2,4,LOCAL,0.7672,FALSE,FALSE,30
2022-10-23,Easing-Backwardation,2,4,LOCAL,0.7624,FALSE,FALSE,30
2022-10-24,Easing-Backwardation,2,4,LOCAL,0.7458,FALSE,FALSE,30
2022-10-25,Easing-Backwardation,2,4,LOCAL,0.71,FALSE,FALSE,30
2022-10-26,Backwardation-Deficit,2,4,LOCAL,0.6842,FALSE,FALSE,30
2022-10-27,Backwardation-Deficit,1,4,DIVERGENT,0.6562,FALSE,TRUE,31
2022-10-28,Backwardation-Deficit,1,4,DIVERGENT,0.6009,FALSE,FALSE,31
2022-10-30,Backwardation-Deficit,1,4,DIVERGENT,0.4864,FALSE,FALSE,31
2022-10-31,Backwardation-Deficit,1,4,DIVERGENT,0.5693,FALSE,FALSE,31
2022-11-01,Stable-Elevated,3,4,BROAD,0.5999,FALSE,TRUE,32
2022-11-02,Stable-Elevated,2,4,LOCAL,0.669,TRUE,TRUE,33
2022-11-03,Stable-Elevated,2,4,LOCAL,0.7024,TRUE,FALSE,33
2022-11-04,Stable-Elevated,2,4,LOCAL,0.7158,TRUE,FALSE,33
2022-11-07,Stable-Elevated,2,4,LOCAL,0.7,TRUE,FALSE,33
2022-11-08,Stable-Elevated,2,4,LOCAL,0.6714,TRUE,FALSE,33
2022-11-09,Stable-Elevated,2,4,LOCAL,0.6609,TRUE,FALSE,33
2022-11-10,Stable-Elevated,2,4,LOCAL,0.6544,TRUE,FALSE,33
2022-11-11,Stable-Elevated,2,4,LOCAL,0.6033,TRUE,FALSE,33
2022-11-14,Stable-Elevated,2,4,LOCAL,0.6378,TRUE,FALSE,33
2022-11-15,Stable-Elevated,2,4,LOCAL,0.6378,TRUE,FALSE,33
2022-11-16,Stable-Elevated,2,4,LOCAL,0.6384,TRUE,FALSE,33
2022-11-17,Stable-Elevated,2,4,LOCAL,0.6395,TRUE,FALSE,33
2022-11-18,Stable-Elevated,2,4,LOCAL,0.6312,TRUE,FALSE,33
2022-11-21,Transition-Tightening,2,4,LOCAL,0.4655,TRUE,FALSE,33
2022-11-22,Easing-Backwardation,2,4,LOCAL,0.5548,TRUE,FALSE,33
2022-11-23,Deep-Contango,1,4,DIVERGENT,0.5933,TRUE,TRUE,34
2022-11-24,Deep-Contango,1,4,DIVERGENT,0.637,TRUE,FALSE,34
2022-11-25,Contango-Surplus,1,4,DIVERGENT,0.5811,TRUE,FALSE,34
2022-11-28,Deep-Contango,2,4,LOCAL,0.6318,TRUE,TRUE,35
2022-11-29,Deep-Contango,2,4,LOCAL,0.5744,TRUE,FALSE,35
2022-11-30,Contango-Surplus,2,4,LOCAL,0.6782,FALSE,FALSE,35
2022-12-01,Easing-Backwardation,2,4,LOCAL,0.6644,FALSE,FALSE,35
2022-12-02,Contango-Surplus,1,4,DIVERGENT,0.8341,FALSE,TRUE,36
2022-12-05,Easing-Backwardation,2,4,LOCAL,0.7765,FALSE,TRUE,37
2022-12-06,Deep-Contango,2,4,LOCAL,0.768,FALSE,FALSE,37
2022-12-07,Deep-Contango,2,4,LOCAL,0.7475,FALSE,FALSE,37
2022-12-08,Deep-Contango,2,4,LOCAL,0.7606,FALSE,FALSE,37
2022-12-09,Deep-Contango,2,4,LOCAL,0.7796,FALSE,FALSE,37
2022-12-12,Deep-Contango,2,4,LOCAL,0.8371,FALSE,FALSE,37
2022-12-13,Deep-Contango,2,4,LOCAL,0.8456,FALSE,FALSE,37
2022-12-14,Stable-Elevated,2,4,LOCAL,0.8341,FALSE,FALSE,37
2022-12-15,Deep-Contango,2,4,LOCAL,0.8538,FALSE,FALSE,37
2022-12-16,Deep-Contango,2,4,LOCAL,0.8758,FALSE,FALSE,37
2022-12-19,Deep-Contango,2,4,LOCAL,0.8886,FALSE,FALSE,37
2022-12-20,Deep-Contango,2,4,LOCAL,0.8755,FALSE,FALSE,37
2022-12-21,Stable-Elevated,2,4,LOCAL,0.8623,FALSE,FALSE,37
2022-12-22,Stable-Elevated,2,4,LOCAL,0.8858,FALSE,FALSE,37
2022-12-23,Deep-Contango,2,4,LOCAL,0.8819,FALSE,FALSE,37
2022-12-27,Deep-Contango,2,4,LOCAL,0.885,FALSE,FALSE,37
2022-12-28,Deep-Contango,2,4,LOCAL,0.8505,FALSE,FALSE,37
2022-12-29,Stable-Elevated,2,4,LOCAL,0.8854,FALSE,FALSE,37
2022-12-30,Stable-Elevated,2,4,LOCAL,0.8556,FALSE,FALSE,37
2023-01-03,Stable-Elevated,2,4,LOCAL,0.8434,FALSE,FALSE,37
2023-01-04,Deep-Contango,2,4,LOCAL,0.8812,FALSE,FALSE,37
2023-01-05,Deep-Contango,2,4,LOCAL,0.8921,FALSE,FALSE,37
2023-01-06,Deep-Contango,2,4,LOCAL,0.8964,FALSE,FALSE,37
2023-01-09,Deep-Contango,2,4,LOCAL,0.8852,FALSE,FALSE,37
2023-01-10,Deep-Contango,2,4,LOCAL,0.8954,FALSE,FALSE,37
2023-01-11,Deep-Contango,2,4,LOCAL,0.895,FALSE,FALSE,37
2023-01-12,Deep-Contango,2,4,LOCAL,0.8857,FALSE,FALSE,37
2023-01-13,Deep-Contango,2,4,LOCAL,0.8848,FALSE,FALSE,37
2023-01-16,Deep-Contango,2,4,LOCAL,0.8972,FALSE,FALSE,37
2023-01-17,Deep-Contango,2,4,LOCAL,0.894,FALSE,FALSE,37
2023-01-18,Deep-Contango,2,4,LOCAL,0.8809,FALSE,FALSE,37
2023-01-19,Deep-Contango,2,4,LOCAL,0.8982,FALSE,FALSE,37
2023-01-20,Deep-Contango,2,4,LOCAL,0.889,FALSE,FALSE,37
2023-01-23,Stable-Elevated,2,4,LOCAL,0.8929,FALSE,FALSE,37
2023-01-24,Deep-Contango,2,4,LOCAL,0.8808,FALSE,FALSE,37
2023-01-25,Deep-Contango,2,4,LOCAL,0.8763,FALSE,FALSE,37
2023-01-26,Stable-Elevated,2,4,LOCAL,0.8584,FALSE,FALSE,37
2023-01-27,Stable-Elevated,2,4,LOCAL,0.8897,FALSE,FALSE,37
2023-01-30,Stable-Elevated,3,4,BROAD,0.7989,FALSE,TRUE,38
2023-01-31,Deep-Contango,2,4,LOCAL,0.7746,FALSE,TRUE,39
2023-02-01,Stable-Elevated,2,4,LOCAL,0.8756,FALSE,FALSE,39
2023-02-02,Easing-Backwardation,2,4,LOCAL,0.897,FALSE,FALSE,39
2023-02-03,Easing-Backwardation,2,4,LOCAL,0.892,FALSE,FALSE,39
2023-02-06,Easing-Backwardation,2,4,LOCAL,0.8798,FALSE,FALSE,39
2023-02-07,Easing-Backwardation,2,4,LOCAL,0.8802,FALSE,FALSE,39
2023-02-08,Easing-Backwardation,2,4,LOCAL,0.8944,FALSE,FALSE,39
2023-02-09,Contango-Surplus,1,4,DIVERGENT,0.8385,FALSE,TRUE,40
2023-02-10,Easing-Backwardation,2,4,LOCAL,0.8919,FALSE,TRUE,41
2023-02-13,Easing-Backwardation,2,4,LOCAL,0.8902,FALSE,FALSE,41
2023-02-14,Easing-Backwardation,2,4,LOCAL,0.864,FALSE,FALSE,41
2023-02-15,Easing-Backwardation,3,4,BROAD,0.8922,FALSE,TRUE,42
2023-02-16,Easing-Backwardation,3,4,BROAD,0.8932,FALSE,FALSE,42
2023-02-17,Easing-Backwardation,2,4,LOCAL,0.8789,FALSE,TRUE,43
2023-02-20,Easing-Backwardation,3,4,BROAD,0.876,FALSE,TRUE,44
2023-02-21,Easing-Backwardation,3,4,BROAD,0.8873,FALSE,FALSE,44
2023-02-22,Easing-Backwardation,3,4,BROAD,0.8838,FALSE,FALSE,44
2023-02-23,Easing-Backwardation,3,4,BROAD,0.8859,FALSE,FALSE,44
2023-02-24,Easing-Backwardation,3,4,BROAD,0.8859,FALSE,FALSE,44
2023-02-27,Easing-Backwardation,3,4,BROAD,0.872,FALSE,FALSE,44
2023-02-28,Easing-Backwardation,3,4,BROAD,0.8616,FALSE,FALSE,44
2023-03-01,Easing-Backwardation,2,4,LOCAL,0.8845,FALSE,TRUE,45
2023-03-02,Easing-Backwardation,2,4,LOCAL,0.8758,FALSE,FALSE,45
2023-03-03,Easing-Backwardation,2,4,LOCAL,0.8972,FALSE,FALSE,45
2023-03-06,Easing-Backwardation,2,4,LOCAL,0.8875,FALSE,FALSE,45
2023-03-07,Easing-Backwardation,2,4,LOCAL,0.89,FALSE,FALSE,45
2023-03-08,Easing-Backwardation,2,4,LOCAL,0.8866,FALSE,FALSE,45
2023-03-09,Easing-Backwardation,2,4,LOCAL,0.8284,FALSE,FALSE,45
2023-03-10,Stable-Elevated,2,4,LOCAL,0.8412,FALSE,FALSE,45
2023-03-12,Stable-Elevated,2,4,LOCAL,0.8807,FALSE,FALSE,45
2023-03-13,Stable-Elevated,2,4,LOCAL,0.8886,FALSE,FALSE,45
2023-03-14,Stable-Elevated,2,4,LOCAL,0.8851,FALSE,FALSE,45
2023-03-15,Stable-Elevated,2,4,LOCAL,0.8752,FALSE,FALSE,45
2023-03-16,Stable-Elevated,2,4,LOCAL,0.8702,FALSE,FALSE,45
2023-03-17,Stable-Elevated,2,4,LOCAL,0.8556,FALSE,FALSE,45
2023-03-19,Stable-Elevated,2,4,LOCAL,0.8266,FALSE,FALSE,45
2023-03-20,Stable-Elevated,2,4,LOCAL,0.8482,FALSE,FALSE,45
2023-03-21,Stable-Elevated,2,4,LOCAL,0.8676,FALSE,FALSE,45
2023-03-22,Stable-Elevated,2,4,LOCAL,0.868,FALSE,FALSE,45
2023-03-23,Stable-Elevated,2,4,LOCAL,0.8848,FALSE,FALSE,45
2023-03-24,Stable-Elevated,2,4,LOCAL,0.8918,FALSE,FALSE,45
2023-03-26,Stable-Elevated,2,4,LOCAL,0.8759,FALSE,FALSE,45
2023-03-27,Stable-Elevated,2,4,LOCAL,0.8922,FALSE,FALSE,45
2023-03-28,Stable-Elevated,2,4,LOCAL,0.8765,FALSE,FALSE,45
2023-03-29,Easing-Backwardation,2,4,LOCAL,0.8348,FALSE,FALSE,45
2023-03-30,Easing-Backwardation,2,4,LOCAL,0.8652,FALSE,FALSE,45
2023-03-31,Contango-Surplus,1,4,DIVERGENT,0.8972,FALSE,TRUE,46
2023-04-02,Easing-Backwardation,2,4,LOCAL,0.8841,FALSE,TRUE,47
2023-04-03,Easing-Backwardation,2,4,LOCAL,0.8949,FALSE,FALSE,47
2023-04-04,Easing-Backwardation,2,4,LOCAL,0.8929,FALSE,FALSE,47
2023-04-05,Easing-Backwardation,2,4,LOCAL,0.8963,FALSE,FALSE,47
2023-04-06,Easing-Backwardation,3,4,BROAD,0.8908,FALSE,TRUE,48
2023-04-09,Easing-Backwardation,2,4,LOCAL,0.893,FALSE,TRUE,49
2023-04-10,Easing-Backwardation,2,4,LOCAL,0.8765,FALSE,FALSE,49
2023-04-11,Easing-Backwardation,3,4,BROAD,0.8937,FALSE,TRUE,50
2023-04-12,Easing-Backwardation,2,4,LOCAL,0.8801,FALSE,TRUE,51
2023-04-13,Easing-Backwardation,2,4,LOCAL,0.8908,FALSE,FALSE,51
2023-04-14,Easing-Backwardation,3,4,BROAD,0.8879,FALSE,TRUE,52
2023-04-16,Easing-Backwardation,2,4,LOCAL,0.884,FALSE,TRUE,53
2023-04-17,Easing-Backwardation,3,4,BROAD,0.8895,FALSE,TRUE,54
2023-04-18,Easing-Backwardation,3,4,BROAD,0.8953,FALSE,FALSE,54
2023-04-19,Easing-Backwardation,3,4,BROAD,0.8917,FALSE,FALSE,54
2023-04-20,Easing-Backwardation,4,4,GLOBAL,0.8888,FALSE,TRUE,55
2023-04-21,Easing-Backwardation,3,4,BROAD,0.8614,FALSE,TRUE,56
2023-04-23,Easing-Backwardation,2,4,LOCAL,0.8975,FALSE,TRUE,57
2023-04-24,Easing-Backwardation,3,4,BROAD,0.8559,FALSE,TRUE,58
2023-04-25,Easing-Backwardation,3,4,BROAD,0.8832,FALSE,FALSE,58
2023-04-26,Easing-Backwardation,2,4,LOCAL,0.8967,FALSE,TRUE,59
2023-04-27,Easing-Backwardation,3,4,BROAD,0.8824,FALSE,TRUE,60
2023-04-28,Easing-Backwardation,2,4,LOCAL,0.8836,FALSE,TRUE,61
2023-04-30,Easing-Backwardation,2,4,LOCAL,0.8452,FALSE,FALSE,61
2023-05-01,Easing-Backwardation,2,4,LOCAL,0.8696,FALSE,FALSE,61
2023-05-02,Easing-Backwardation,2,4,LOCAL,0.889,FALSE,FALSE,61
2023-05-03,Contango-Surplus,1,4,DIVERGENT,0.8995,FALSE,TRUE,62
2023-05-04,Easing-Backwardation,2,4,LOCAL,0.8922,FALSE,TRUE,63
2023-05-05,Easing-Backwardation,2,4,LOCAL,0.8942,FALSE,FALSE,63
2023-05-07,Easing-Backwardation,2,4,LOCAL,0.8952,FALSE,FALSE,63
2023-05-08,Easing-Backwardation,2,4,LOCAL,0.8996,FALSE,FALSE,63
2023-05-09,Easing-Backwardation,2,4,LOCAL,0.8873,FALSE,FALSE,63
2023-05-10,Easing-Backwardation,3,4,BROAD,0.8883,FALSE,TRUE,64
2023-05-11,Easing-Backwardation,3,4,BROAD,0.8873,FALSE,FALSE,64
2023-05-12,Easing-Backwardation,3,4,BROAD,0.8745,FALSE,FALSE,64
2023-05-14,Easing-Backwardation,2,4,LOCAL,0.8834,FALSE,TRUE,65
2023-05-15,Easing-Backwardation,2,4,LOCAL,0.8906,FALSE,FALSE,65
2023-05-16,Easing-Backwardation,2,4,LOCAL,0.8964,FALSE,FALSE,65
2023-05-17,Easing-Backwardation,2,4,LOCAL,0.892,FALSE,FALSE,65
2023-05-18,Easing-Backwardation,2,4,LOCAL,0.8849,FALSE,FALSE,65
2023-05-19,Easing-Backwardation,2,4,LOCAL,0.8913,FALSE,FALSE,65
2023-05-21,Easing-Backwardation,2,4,LOCAL,0.8958,FALSE,FALSE,65
2023-05-22,Easing-Backwardation,2,4,LOCAL,0.89,FALSE,FALSE,65
2023-05-23,Easing-Backwardation,2,4,LOCAL,0.8893,FALSE,FALSE,65
2023-05-24,Easing-Backwardation,2,4,LOCAL,0.8928,FALSE,FALSE,65
2023-05-25,Easing-Backwardation,2,4,LOCAL,0.8935,FALSE,FALSE,65
2023-05-26,Deep-Contango,1,4,DIVERGENT,0.882,FALSE,TRUE,66
2023-05-28,Contango-Surplus,1,4,DIVERGENT,0.859,FALSE,FALSE,66
2023-05-29,Stable-Elevated,2,4,LOCAL,0.8548,FALSE,TRUE,67
2023-05-30,Deep-Contango,1,4,DIVERGENT,0.8541,FALSE,TRUE,68
2023-05-31,Easing-Backwardation,2,4,LOCAL,0.8867,FALSE,TRUE,69
2023-06-01,Easing-Backwardation,3,4,BROAD,0.8961,FALSE,TRUE,70
2023-06-02,Easing-Backwardation,3,4,BROAD,0.873,FALSE,FALSE,70
2023-06-04,Easing-Backwardation,2,4,LOCAL,0.8896,FALSE,TRUE,71
2023-06-05,Easing-Backwardation,3,4,BROAD,0.8678,FALSE,TRUE,72
2023-06-06,Easing-Backwardation,3,4,BROAD,0.8928,FALSE,FALSE,72
2023-06-07,Easing-Backwardation,3,4,BROAD,0.8966,FALSE,FALSE,72
2023-06-08,Easing-Backwardation,3,4,BROAD,0.8959,FALSE,FALSE,72
2023-06-09,Easing-Backwardation,3,4,BROAD,0.8935,FALSE,FALSE,72
2023-06-11,Easing-Backwardation,3,4,BROAD,0.8921,FALSE,FALSE,72
2023-06-12,Easing-Backwardation,3,4,BROAD,0.8927,FALSE,FALSE,72
2023-06-13,Easing-Backwardation,2,4,LOCAL,0.8828,FALSE,TRUE,73
2023-06-14,Easing-Backwardation,2,4,LOCAL,0.8816,FALSE,FALSE,73
2023-06-15,Easing-Backwardation,2,4,LOCAL,0.8959,FALSE,FALSE,73
2023-06-16,Contango-Surplus,1,4,DIVERGENT,0.8893,FALSE,TRUE,74
2023-06-18,Easing-Backwardation,2,4,LOCAL,0.8878,FALSE,TRUE,75
2023-06-19,Easing-Backwardation,2,4,LOCAL,0.8808,FALSE,FALSE,75
2023-06-20,Contango-Surplus,1,4,DIVERGENT,0.8982,FALSE,TRUE,76
2023-06-21,Stable-Elevated,2,4,LOCAL,0.8374,FALSE,TRUE,77
2023-06-22,Deep-Contango,1,4,DIVERGENT,0.8769,FALSE,TRUE,78
2023-06-23,Contango-Surplus,1,4,DIVERGENT,0.8994,FALSE,FALSE,78
2023-06-26,Contango-Surplus,1,4,DIVERGENT,0.8978,FALSE,FALSE,78
2023-06-27,Deep-Contango,1,4,DIVERGENT,0.886,FALSE,FALSE,78
2023-06-28,Deep-Contango,1,4,DIVERGENT,0.8898,FALSE,FALSE,78
2023-06-29,Easing-Backwardation,2,4,LOCAL,0.8886,FALSE,TRUE,79
2023-06-30,Deep-Contango,1,4,DIVERGENT,0.7963,FALSE,TRUE,80
2023-07-03,Easing-Backwardation,3,4,BROAD,0.8735,FALSE,TRUE,81
2023-07-04,Easing-Backwardation,2,4,LOCAL,0.867,FALSE,TRUE,82
2023-07-05,Easing-Backwardation,2,4,LOCAL,0.8349,FALSE,FALSE,82
2023-07-06,Easing-Backwardation,2,4,LOCAL,0.8728,FALSE,FALSE,82
2023-07-07,Stable-Elevated,3,4,BROAD,0.798,FALSE,TRUE,83
2023-07-10,Easing-Backwardation,2,4,LOCAL,0.8468,FALSE,TRUE,84
2023-07-11,Stable-Elevated,3,4,BROAD,0.7806,FALSE,TRUE,85
2023-07-12,Easing-Backwardation,2,4,LOCAL,0.8079,FALSE,TRUE,86
2023-07-13,Stable-Elevated,2,4,LOCAL,0.8198,FALSE,FALSE,86
2023-07-14,Easing-Backwardation,2,4,LOCAL,0.828,FALSE,FALSE,86
2023-07-17,Easing-Backwardation,2,4,LOCAL,0.803,TRUE,FALSE,86
2023-07-18,Easing-Backwardation,2,4,LOCAL,0.8007,TRUE,FALSE,86
2023-07-19,Easing-Backwardation,2,4,LOCAL,0.7892,TRUE,FALSE,86
2023-07-20,Easing-Backwardation,2,4,LOCAL,0.7825,TRUE,FALSE,86
2023-07-21,Easing-Backwardation,2,4,LOCAL,0.7839,TRUE,FALSE,86
2023-07-24,Easing-Backwardation,2,4,LOCAL,0.7668,TRUE,FALSE,86
2023-07-25,Stable-Elevated,2,4,LOCAL,0.7532,TRUE,FALSE,86
2023-07-26,Stable-Elevated,2,4,LOCAL,0.7551,FALSE,FALSE,86
2023-07-27,Backwardation-Deficit,1,4,DIVERGENT,0.614,TRUE,TRUE,87
2023-07-28,Stable-Elevated,2,4,LOCAL,0.8608,TRUE,TRUE,88
2023-07-31,Stable-Elevated,2,4,LOCAL,0.8884,TRUE,FALSE,88
2023-08-01,Stable-Elevated,2,4,LOCAL,0.8756,TRUE,FALSE,88
2023-08-02,Stable-Elevated,2,4,LOCAL,0.8968,TRUE,FALSE,88
2023-08-03,Stable-Elevated,2,4,LOCAL,0.8791,TRUE,FALSE,88
2023-08-04,Deep-Backwardation,1,4,DIVERGENT,0.7124,TRUE,TRUE,89
2023-08-07,Stable-Elevated,2,4,LOCAL,0.7408,FALSE,TRUE,90
2023-08-08,Stable-Elevated,2,4,LOCAL,0.758,FALSE,FALSE,90
2023-08-09,Stable-Elevated,3,4,BROAD,0.7601,FALSE,TRUE,91
2023-08-10,Stable-Elevated,3,4,BROAD,0.8004,FALSE,FALSE,91
2023-08-11,Stable-Elevated,3,4,BROAD,0.7802,FALSE,FALSE,91
2023-08-14,Stable-Elevated,2,4,LOCAL,0.761,FALSE,TRUE,92
2023-08-15,Stable-Elevated,2,4,LOCAL,0.8,FALSE,FALSE,92
2023-08-16,Stable-Elevated,2,4,LOCAL,0.7996,FALSE,FALSE,92
2023-08-17,Stable-Elevated,3,4,BROAD,0.7951,FALSE,TRUE,93
2023-08-18,Stable-Elevated,3,4,BROAD,0.7959,FALSE,FALSE,93
2023-08-21,Stable-Elevated,2,4,LOCAL,0.8232,FALSE,TRUE,94
2023-08-22,Stable-Elevated,2,4,LOCAL,0.8396,FALSE,FALSE,94
2023-08-23,Stable-Elevated,2,4,LOCAL,0.8418,FALSE,FALSE,94
2023-08-24,Stable-Elevated,3,4,BROAD,0.7999,FALSE,TRUE,95
2023-08-25,Stable-Elevated,3,4,BROAD,0.7772,FALSE,FALSE,95
2023-08-28,Stable-Elevated,3,4,BROAD,0.7948,FALSE,FALSE,95
2023-08-29,Stable-Elevated,3,4,BROAD,0.7862,FALSE,FALSE,95
2023-08-30,Stable-Elevated,2,4,LOCAL,0.8642,FALSE,TRUE,96
2023-08-31,Easing-Backwardation,2,4,LOCAL,0.6916,FALSE,FALSE,96
2023-09-01,Stable-Elevated,2,4,LOCAL,0.8445,TRUE,FALSE,96
2023-09-04,Stable-Elevated,2,4,LOCAL,0.8783,TRUE,FALSE,96
2023-09-05,Stable-Elevated,2,4,LOCAL,0.8874,TRUE,FALSE,96
2023-09-06,Stable-Elevated,2,4,LOCAL,0.8818,TRUE,FALSE,96
2023-09-07,Stable-Elevated,2,4,LOCAL,0.8921,TRUE,FALSE,96
2023-09-08,Stable-Elevated,2,4,LOCAL,0.8846,TRUE,FALSE,96
2023-09-11,Stable-Elevated,2,4,LOCAL,0.8813,TRUE,FALSE,96
2023-09-12,Stable-Elevated,3,4,BROAD,0.7779,FALSE,TRUE,97
2023-09-13,Stable-Elevated,3,4,BROAD,0.7764,FALSE,FALSE,97
2023-09-14,Stable-Elevated,3,4,BROAD,0.7982,FALSE,FALSE,97
2023-09-15,Stable-Elevated,3,4,BROAD,0.806,FALSE,FALSE,97
2023-09-18,Stable-Elevated,3,4,BROAD,0.7822,FALSE,FALSE,97
2023-09-19,Stable-Elevated,3,4,BROAD,0.8064,FALSE,FALSE,97
2023-09-20,Stable-Elevated,3,4,BROAD,0.8193,FALSE,FALSE,97
2023-09-21,Stable-Elevated,3,4,BROAD,0.8169,FALSE,FALSE,97
2023-09-22,Stable-Elevated,3,4,BROAD,0.8168,FALSE,FALSE,97
2023-09-25,Stable-Elevated,3,4,BROAD,0.8167,FALSE,FALSE,97
2023-09-26,Stable-Elevated,3,4,BROAD,0.8288,FALSE,FALSE,97
2023-09-27,Stable-Elevated,3,4,BROAD,0.8304,FALSE,FALSE,97
2023-09-28,Stable-Elevated,3,4,BROAD,0.8401,FALSE,FALSE,97
2023-09-29,Stable-Elevated,3,4,BROAD,0.7659,FALSE,FALSE,97
2023-10-02,Stable-Elevated,3,4,BROAD,0.8059,FALSE,FALSE,97
2023-10-03,Stable-Elevated,3,4,BROAD,0.8635,FALSE,FALSE,97
2023-10-04,Stable-Elevated,3,4,BROAD,0.8665,FALSE,FALSE,97
2023-10-05,Stable-Elevated,3,4,BROAD,0.8451,FALSE,FALSE,97
2023-10-06,Stable-Elevated,3,4,BROAD,0.8625,FALSE,FALSE,97
2023-10-09,Stable-Elevated,3,4,BROAD,0.838,FALSE,FALSE,97
2023-10-10,Stable-Elevated,3,4,BROAD,0.8596,FALSE,FALSE,97
2023-10-11,Stable-Elevated,3,4,BROAD,0.8131,FALSE,FALSE,97
2023-10-12,Stable-Elevated,3,4,BROAD,0.8193,FALSE,FALSE,97
2023-10-13,Stable-Elevated,3,4,BROAD,0.8106,FALSE,FALSE,97
2023-10-16,Stable-Elevated,3,4,BROAD,0.8045,FALSE,FALSE,97
2023-10-17,Stable-Elevated,3,4,BROAD,0.8075,FALSE,FALSE,97
2023-10-18,Stable-Elevated,3,4,BROAD,0.8088,FALSE,FALSE,97
2023-10-19,Stable-Elevated,3,4,BROAD,0.813,FALSE,FALSE,97
2023-10-20,Stable-Elevated,3,4,BROAD,0.8163,FALSE,FALSE,97
2023-10-23,Stable-Elevated,3,4,BROAD,0.808,FALSE,FALSE,97
2023-10-24,Stable-Elevated,3,4,BROAD,0.7877,FALSE,FALSE,97
2023-10-25,Stable-Elevated,3,4,BROAD,0.7828,FALSE,FALSE,97
2023-10-26,Stable-Elevated,2,4,LOCAL,0.8789,TRUE,TRUE,98
2023-10-27,Stable-Elevated,2,4,LOCAL,0.8636,TRUE,FALSE,98
2023-10-30,Stable-Elevated,2,4,LOCAL,0.8651,TRUE,FALSE,98
2023-10-31,Stable-Elevated,2,4,LOCAL,0.8927,TRUE,FALSE,98
2023-11-01,Stable-Elevated,2,4,LOCAL,0.8858,TRUE,FALSE,98
2023-11-02,Stable-Elevated,2,4,LOCAL,0.8682,TRUE,FALSE,98
2023-11-03,Stable-Elevated,2,4,LOCAL,0.8791,TRUE,FALSE,98
2023-11-06,Stable-Elevated,3,4,BROAD,0.7857,FALSE,TRUE,99
2023-11-07,Stable-Elevated,4,4,GLOBAL,0.7502,FALSE,TRUE,100
2023-11-08,Stable-Elevated,4,4,GLOBAL,0.7519,FALSE,FALSE,100
2023-11-09,Stable-Elevated,3,4,BROAD,0.7703,FALSE,TRUE,101
2023-11-10,Stable-Elevated,4,4,GLOBAL,0.7336,FALSE,TRUE,102
2023-11-13,Stable-Elevated,4,4,GLOBAL,0.7796,FALSE,FALSE,102
2023-11-14,Stable-Elevated,4,4,GLOBAL,0.789,FALSE,FALSE,102
2023-11-15,Stable-Elevated,3,4,BROAD,0.8235,FALSE,TRUE,103
2023-11-16,Contango-Surplus,2,4,LOCAL,0.7008,FALSE,TRUE,104
2023-11-17,Stable-Elevated,3,4,BROAD,0.8305,FALSE,TRUE,105
2023-11-20,Stable-Elevated,2,4,LOCAL,0.8927,FALSE,TRUE,106
2023-11-21,Stable-Elevated,2,4,LOCAL,0.8975,FALSE,FALSE,106
2023-11-22,Stable-Elevated,3,4,BROAD,0.8525,FALSE,TRUE,107
2023-11-23,Stable-Elevated,3,4,BROAD,0.8651,FALSE,FALSE,107
2023-11-24,Stable-Elevated,3,4,BROAD,0.869,FALSE,FALSE,107
2023-11-27,Stable-Elevated,3,4,BROAD,0.8786,FALSE,FALSE,107
2023-11-28,Stable-Elevated,3,4,BROAD,0.8699,FALSE,FALSE,107
2023-11-29,Stable-Elevated,3,4,BROAD,0.8795,FALSE,FALSE,107
2023-11-30,Stable-Elevated,3,4,BROAD,0.8563,FALSE,FALSE,107
2023-12-01,Stable-Elevated,3,4,BROAD,0.8715,FALSE,FALSE,107
2023-12-04,Stable-Elevated,2,4,LOCAL,0.8926,FALSE,TRUE,108
2023-12-05,Stable-Elevated,3,4,BROAD,0.8964,FALSE,TRUE,109
2023-12-06,Contango-Surplus,2,4,LOCAL,0.8896,FALSE,TRUE,110
2023-12-07,Contango-Surplus,2,4,LOCAL,0.8921,FALSE,FALSE,110
2023-12-08,Contango-Surplus,2,4,LOCAL,0.8944,FALSE,FALSE,110
2023-12-11,Contango-Surplus,2,4,LOCAL,0.8967,FALSE,FALSE,110
2023-12-12,Contango-Surplus,2,4,LOCAL,0.8858,FALSE,FALSE,110
2023-12-13,Contango-Surplus,2,4,LOCAL,0.8926,FALSE,FALSE,110
2023-12-14,Contango-Surplus,2,4,LOCAL,0.8943,FALSE,FALSE,110
2023-12-15,Contango-Surplus,2,4,LOCAL,0.8898,FALSE,FALSE,110
2023-12-18,Contango-Surplus,2,4,LOCAL,0.8902,FALSE,FALSE,110
2023-12-19,Contango-Surplus,2,4,LOCAL,0.8878,FALSE,FALSE,110
2023-12-20,Stable-Elevated,3,4,BROAD,0.8929,FALSE,TRUE,111
2023-12-21,Stable-Elevated,3,4,BROAD,0.8856,FALSE,FALSE,111
2023-12-22,Stable-Elevated,3,4,BROAD,0.8804,FALSE,FALSE,111
2023-12-26,Stable-Elevated,3,4,BROAD,0.8853,FALSE,FALSE,111
2023-12-27,Stable-Elevated,3,4,BROAD,0.8896,FALSE,FALSE,111
2023-12-28,Stable-Elevated,3,4,BROAD,0.8866,FALSE,FALSE,111
2023-12-29,Stable-Elevated,3,4,BROAD,0.8714,FALSE,FALSE,111
2024-01-02,Stable-Elevated,3,4,BROAD,0.869,FALSE,FALSE,111
2024-01-03,Stable-Elevated,3,4,BROAD,0.8939,FALSE,FALSE,111
2024-01-04,Stable-Elevated,3,4,BROAD,0.8928,FALSE,FALSE,111
2024-01-05,Stable-Elevated,3,4,BROAD,0.8951,FALSE,FALSE,111
2024-01-08,Stable-Elevated,3,4,BROAD,0.889,FALSE,FALSE,111
2024-01-09,Stable-Elevated,3,4,BROAD,0.884,FALSE,FALSE,111
2024-01-10,Stable-Elevated,3,4,BROAD,0.8799,FALSE,FALSE,111
2024-01-11,Stable-Elevated,3,4,BROAD,0.8813,FALSE,FALSE,111
2024-01-12,Stable-Elevated,3,4,BROAD,0.89,FALSE,FALSE,111
2024-01-15,Stable-Elevated,3,4,BROAD,0.8931,FALSE,FALSE,111
2024-01-16,Stable-Elevated,3,4,BROAD,0.8953,FALSE,FALSE,111
2024-01-17,Stable-Elevated,3,4,BROAD,0.8953,FALSE,FALSE,111
2024-01-18,Stable-Elevated,4,4,GLOBAL,0.8821,FALSE,TRUE,112
2024-01-19,Stable-Elevated,4,4,GLOBAL,0.8644,FALSE,FALSE,112
2024-01-22,Stable-Elevated,4,4,GLOBAL,0.8642,FALSE,FALSE,112
2024-01-23,Stable-Elevated,3,4,BROAD,0.8881,FALSE,TRUE,113
2024-01-24,Stable-Elevated,3,4,BROAD,0.8674,FALSE,FALSE,113
2024-01-25,Stable-Elevated,4,4,GLOBAL,0.8448,FALSE,TRUE,114
2024-01-26,Stable-Elevated,4,4,GLOBAL,0.8188,FALSE,FALSE,114
2024-01-29,Stable-Elevated,3,4,BROAD,0.8584,FALSE,TRUE,115
2024-01-30,Stable-Elevated,4,4,GLOBAL,0.8026,FALSE,TRUE,116
2024-01-31,Stable-Elevated,4,4,GLOBAL,0.8042,FALSE,FALSE,116
2024-02-01,Stable-Elevated,3,4,BROAD,0.8403,FALSE,TRUE,117
2024-02-02,Stable-Elevated,3,4,BROAD,0.8361,FALSE,FALSE,117
2024-02-05,Stable-Elevated,3,4,BROAD,0.8217,FALSE,FALSE,117
2024-02-06,Stable-Elevated,3,4,BROAD,0.8255,FALSE,FALSE,117
2024-02-07,Stable-Elevated,3,4,BROAD,0.8252,FALSE,FALSE,117
2024-02-08,Stable-Elevated,3,4,BROAD,0.8113,TRUE,FALSE,117
2024-02-09,Stable-Elevated,3,4,BROAD,0.7905,TRUE,FALSE,117
2024-02-12,Stable-Elevated,3,4,BROAD,0.7953,TRUE,FALSE,117
2024-02-13,Stable-Elevated,3,4,BROAD,0.8032,TRUE,FALSE,117
2024-02-14,Stable-Elevated,3,4,BROAD,0.7797,TRUE,FALSE,117
2024-02-15,Stable-Elevated,2,4,LOCAL,0.8776,TRUE,TRUE,118
2024-02-16,Stable-Elevated,2,4,LOCAL,0.8856,TRUE,FALSE,118
2024-02-19,Stable-Elevated,2,4,LOCAL,0.8726,TRUE,FALSE,118
2024-02-20,Stable-Elevated,2,4,LOCAL,0.8877,TRUE,FALSE,118
2024-02-21,Stable-Elevated,3,4,BROAD,0.7408,TRUE,TRUE,119
2024-02-22,Stable-Elevated,3,4,BROAD,0.7999,TRUE,FALSE,119
2024-02-23,Stable-Elevated,3,4,BROAD,0.8012,TRUE,FALSE,119
2024-02-26,Stable-Elevated,4,4,GLOBAL,0.7434,FALSE,TRUE,120
2024-02-27,Stable-Elevated,4,4,GLOBAL,0.7406,FALSE,FALSE,120
2024-02-28,Stable-Elevated,3,4,BROAD,0.778,FALSE,TRUE,121
2024-02-29,Stable-Elevated,2,4,LOCAL,0.8071,FALSE,TRUE,122
2024-03-01,Stable-Elevated,3,4,BROAD,0.7311,FALSE,TRUE,123
2024-03-04,Stable-Elevated,4,4,GLOBAL,0.7284,FALSE,TRUE,124
2024-03-05,Stable-Elevated,4,4,GLOBAL,0.7443,FALSE,FALSE,124
2024-03-06,Stable-Elevated,4,4,GLOBAL,0.7435,FALSE,FALSE,124
2024-03-07,Stable-Elevated,3,4,BROAD,0.7426,FALSE,TRUE,125
2024-03-08,Stable-Elevated,4,4,GLOBAL,0.7519,FALSE,TRUE,126
2024-03-11,Stable-Elevated,4,4,GLOBAL,0.7477,FALSE,FALSE,126
2024-03-12,Stable-Elevated,4,4,GLOBAL,0.7442,FALSE,FALSE,126
2024-03-13,Stable-Elevated,4,4,GLOBAL,0.7564,FALSE,FALSE,126
2024-03-14,Stable-Elevated,4,4,GLOBAL,0.7431,FALSE,FALSE,126
2024-03-15,Stable-Elevated,4,4,GLOBAL,0.7493,FALSE,FALSE,126
2024-03-18,Stable-Elevated,3,4,BROAD,0.771,TRUE,TRUE,127
2024-03-19,Stable-Elevated,3,4,BROAD,0.7846,TRUE,FALSE,127
2024-03-20,Stable-Elevated,2,4,LOCAL,0.8827,TRUE,TRUE,128
2024-03-21,Stable-Elevated,2,4,LOCAL,0.8713,TRUE,FALSE,128
2024-03-22,Stable-Elevated,2,4,LOCAL,0.892,TRUE,FALSE,128
2024-03-25,Stable-Elevated,2,4,LOCAL,0.898,TRUE,FALSE,128
2024-03-26,Stable-Elevated,2,4,LOCAL,0.8912,TRUE,FALSE,128
2024-03-27,Stable-Elevated,2,4,LOCAL,0.884,TRUE,FALSE,128
2024-03-28,Stable-Elevated,2,4,LOCAL,0.859,TRUE,FALSE,128
2024-04-01,Stable-Elevated,2,4,LOCAL,0.7498,FALSE,FALSE,128
2024-04-02,Stable-Elevated,2,4,LOCAL,0.7576,FALSE,FALSE,128
2024-04-03,Stable-Elevated,2,4,LOCAL,0.7706,FALSE,FALSE,128
2024-04-04,Stable-Elevated,3,4,BROAD,0.8103,FALSE,TRUE,129
2024-04-05,Stable-Elevated,2,4,LOCAL,0.7772,FALSE,TRUE,130
2024-04-08,Stable-Elevated,2,4,LOCAL,0.7926,FALSE,FALSE,130
2024-04-09,Stable-Elevated,3,4,BROAD,0.8293,FALSE,TRUE,131
2024-04-10,Easing-Backwardation,2,4,LOCAL,0.7419,FALSE,TRUE,132
2024-04-11,Stable-Elevated,2,4,LOCAL,0.8904,FALSE,FALSE,132
2024-04-12,Easing-Backwardation,2,4,LOCAL,0.7694,FALSE,FALSE,132
2024-04-15,Stable-Elevated,2,4,LOCAL,0.8946,FALSE,FALSE,132
2024-04-16,Stable-Elevated,2,4,LOCAL,0.8972,FALSE,FALSE,132
2024-04-17,Stable-Elevated,2,4,LOCAL,0.8722,FALSE,FALSE,132
2024-04-18,Deep-Contango,2,4,LOCAL,0.8348,FALSE,FALSE,132
2024-04-19,Backwardation-Deficit,1,4,DIVERGENT,0.6755,FALSE,TRUE,133
2024-04-22,Backwardation-Deficit,1,4,DIVERGENT,0.695,FALSE,FALSE,133
2024-04-23,Backwardation-Deficit,1,4,DIVERGENT,0.8278,FALSE,FALSE,133
2024-04-24,Deep-Contango,2,4,LOCAL,0.8956,FALSE,TRUE,134
2024-04-25,Deep-Contango,2,4,LOCAL,0.898,FALSE,FALSE,134
2024-04-26,Deep-Contango,2,4,LOCAL,0.8982,FALSE,FALSE,134
2024-04-29,Deep-Contango,2,4,LOCAL,0.8942,FALSE,FALSE,134
2024-04-30,Deep-Contango,2,4,LOCAL,0.896,FALSE,FALSE,134
2024-05-01,Deep-Contango,2,4,LOCAL,0.8982,FALSE,FALSE,134
2024-05-02,Deep-Contango,2,4,LOCAL,0.8946,FALSE,FALSE,134
2024-05-03,Deep-Contango,2,4,LOCAL,0.8885,FALSE,FALSE,134
2024-05-06,Deep-Contango,2,4,LOCAL,0.8884,FALSE,FALSE,134
2024-05-07,Deep-Contango,2,4,LOCAL,0.8934,FALSE,FALSE,134
2024-05-08,Deep-Contango,2,4,LOCAL,0.8893,FALSE,FALSE,134
2024-05-09,Deep-Contango,2,4,LOCAL,0.8996,FALSE,FALSE,134
2024-05-10,Deep-Contango,2,4,LOCAL,0.8888,FALSE,FALSE,134
2024-05-13,Deep-Contango,2,4,LOCAL,0.896,FALSE,FALSE,134
2024-05-14,Deep-Contango,2,4,LOCAL,0.896,FALSE,FALSE,134
2024-05-15,Deep-Contango,2,4,LOCAL,0.8978,FALSE,FALSE,134
2024-05-16,Deep-Contango,2,4,LOCAL,0.8978,FALSE,FALSE,134
2024-05-17,Deep-Contango,2,4,LOCAL,0.8878,FALSE,FALSE,134
2024-05-20,Deep-Contango,2,4,LOCAL,0.8898,FALSE,FALSE,134
2024-05-21,Deep-Contango,2,4,LOCAL,0.8958,FALSE,FALSE,134
2024-05-22,Deep-Contango,2,4,LOCAL,0.8976,FALSE,FALSE,134
2024-05-23,Deep-Contango,2,4,LOCAL,0.897,FALSE,FALSE,134
2024-05-24,Deep-Contango,2,4,LOCAL,0.8959,FALSE,FALSE,134
2024-05-27,Deep-Contango,2,4,LOCAL,0.8948,FALSE,FALSE,134
2024-05-28,Deep-Contango,2,4,LOCAL,0.8915,FALSE,FALSE,134
2024-05-29,Deep-Contango,2,4,LOCAL,0.8942,FALSE,FALSE,134
2024-05-30,Deep-Contango,2,4,LOCAL,0.8934,FALSE,FALSE,134
2024-05-31,Deep-Contango,2,4,LOCAL,0.8982,FALSE,FALSE,134
2024-06-03,Deep-Contango,2,4,LOCAL,0.8941,FALSE,FALSE,134
2024-06-04,Deep-Contango,2,4,LOCAL,0.8959,FALSE,FALSE,134
2024-06-05,Deep-Contango,2,4,LOCAL,0.896,FALSE,FALSE,134
2024-06-06,Deep-Contango,2,4,LOCAL,0.897,FALSE,FALSE,134
2024-06-07,Deep-Contango,2,4,LOCAL,0.8782,FALSE,FALSE,134
2024-06-10,Deep-Contango,2,4,LOCAL,0.8678,FALSE,FALSE,134
2024-06-11,Stable-Elevated,2,4,LOCAL,0.8956,FALSE,FALSE,134
2024-06-12,Stable-Elevated,2,4,LOCAL,0.8953,FALSE,FALSE,134
2024-06-13,Stable-Elevated,2,4,LOCAL,0.8775,FALSE,FALSE,134
2024-06-14,Stable-Elevated,2,4,LOCAL,0.8916,FALSE,FALSE,134
2024-06-17,Stable-Elevated,2,4,LOCAL,0.8902,FALSE,FALSE,134
2024-06-18,Backwardation-Deficit,1,4,DIVERGENT,0.864,FALSE,TRUE,135
2024-06-19,Backwardation-Deficit,1,4,DIVERGENT,0.7761,FALSE,FALSE,135
2024-06-20,Backwardation-Deficit,1,4,DIVERGENT,0.8952,FALSE,FALSE,135
2024-06-21,Stable-Elevated,2,4,LOCAL,0.8795,FALSE,TRUE,136
2024-06-24,Stable-Elevated,2,4,LOCAL,0.8914,FALSE,FALSE,136
2024-06-25,Stable-Elevated,2,4,LOCAL,0.8878,FALSE,FALSE,136
2024-06-26,Stable-Elevated,2,4,LOCAL,0.8606,FALSE,FALSE,136
2024-06-27,Backwardation-Deficit,1,4,DIVERGENT,0.8597,FALSE,TRUE,137
2024-06-28,Backwardation-Deficit,2,4,LOCAL,0.8378,FALSE,TRUE,138
2024-07-01,Easing-Backwardation,2,4,LOCAL,0.8748,FALSE,FALSE,138
2024-07-02,Easing-Backwardation,2,4,LOCAL,0.8899,FALSE,FALSE,138
2024-07-03,Backwardation-Deficit,1,4,DIVERGENT,0.8947,FALSE,TRUE,139
2024-07-04,Deep-Contango,2,4,LOCAL,0.8929,FALSE,TRUE,140
2024-07-05,Deep-Contango,2,4,LOCAL,0.8884,FALSE,FALSE,140
2024-07-08,Deep-Contango,2,4,LOCAL,0.884,FALSE,FALSE,140
2024-07-09,Backwardation-Deficit,1,4,DIVERGENT,0.8817,FALSE,TRUE,141
2024-07-10,Backwardation-Deficit,1,4,DIVERGENT,0.8821,FALSE,FALSE,141
2024-07-11,Backwardation-Deficit,1,4,DIVERGENT,0.83,FALSE,FALSE,141
2024-07-12,Deep-Contango,2,4,LOCAL,0.8834,FALSE,TRUE,142
2024-07-15,Deep-Contango,2,4,LOCAL,0.8954,FALSE,FALSE,142
2024-07-16,Deep-Contango,2,4,LOCAL,0.8989,FALSE,FALSE,142
2024-07-17,Deep-Contango,2,4,LOCAL,0.8976,FALSE,FALSE,142
2024-07-18,Deep-Contango,2,4,LOCAL,0.8894,FALSE,FALSE,142
2024-07-19,Deep-Contango,2,4,LOCAL,0.8891,FALSE,FALSE,142
2024-07-22,Deep-Contango,2,4,LOCAL,0.8952,FALSE,FALSE,142
2024-07-23,Deep-Contango,2,4,LOCAL,0.8988,FALSE,FALSE,142
2024-07-24,Deep-Contango,2,4,LOCAL,0.8964,FALSE,FALSE,142
2024-07-25,Deep-Contango,2,4,LOCAL,0.8961,FALSE,FALSE,142
2024-07-26,Deep-Contango,2,4,LOCAL,0.8884,FALSE,FALSE,142
2024-07-29,Deep-Contango,2,4,LOCAL,0.8962,FALSE,FALSE,142
2024-07-30,Deep-Contango,2,4,LOCAL,0.8939,FALSE,FALSE,142
2024-07-31,Deep-Contango,2,4,LOCAL,0.8941,FALSE,FALSE,142
2024-08-01,Deep-Contango,2,4,LOCAL,0.8922,FALSE,FALSE,142
2024-08-02,Deep-Contango,2,4,LOCAL,0.8856,FALSE,FALSE,142
2024-08-05,Deep-Contango,2,4,LOCAL,0.8838,FALSE,FALSE,142
2024-08-06,Deep-Contango,2,4,LOCAL,0.8933,FALSE,FALSE,142
2024-08-07,Deep-Contango,2,4,LOCAL,0.8957,FALSE,FALSE,142
2024-08-08,Deep-Contango,2,4,LOCAL,0.8938,FALSE,FALSE,142
2024-08-09,Deep-Contango,2,4,LOCAL,0.8912,FALSE,FALSE,142
2024-08-12,Deep-Contango,2,4,LOCAL,0.8938,FALSE,FALSE,142
2024-08-13,Deep-Contango,2,4,LOCAL,0.897,FALSE,FALSE,142
2024-08-14,Deep-Contango,2,4,LOCAL,0.8946,FALSE,FALSE,142
2024-08-15,Deep-Contango,2,4,LOCAL,0.8969,FALSE,FALSE,142
2024-08-16,Deep-Contango,2,4,LOCAL,0.8958,FALSE,FALSE,142
2024-08-19,Deep-Contango,2,4,LOCAL,0.891,FALSE,FALSE,142
2024-08-20,Deep-Contango,2,4,LOCAL,0.898,FALSE,FALSE,142
2024-08-21,Deep-Contango,2,4,LOCAL,0.8971,FALSE,FALSE,142
2024-08-22,Deep-Contango,2,4,LOCAL,0.8932,FALSE,FALSE,142
2024-08-23,Deep-Contango,2,4,LOCAL,0.8925,FALSE,FALSE,142
2024-08-26,Deep-Contango,2,4,LOCAL,0.8914,FALSE,FALSE,142
2024-08-27,Deep-Contango,2,4,LOCAL,0.8987,FALSE,FALSE,142
2024-08-28,Deep-Contango,2,4,LOCAL,0.8922,FALSE,FALSE,142
2024-08-29,Deep-Contango,2,4,LOCAL,0.8964,FALSE,FALSE,142
2024-08-30,Backwardation-Deficit,2,4,LOCAL,0.7694,FALSE,FALSE,142
2024-09-02,Deep-Contango,2,4,LOCAL,0.8926,FALSE,FALSE,142
2024-09-03,Deep-Contango,2,4,LOCAL,0.8903,FALSE,FALSE,142
2024-09-04,Deep-Contango,2,4,LOCAL,0.8902,FALSE,FALSE,142
2024-09-05,Deep-Contango,2,4,LOCAL,0.895,FALSE,FALSE,142
2024-09-06,Deep-Contango,2,4,LOCAL,0.8938,FALSE,FALSE,142
2024-09-09,Contango-Surplus,1,4,DIVERGENT,0.8957,FALSE,TRUE,143
2024-09-10,Deep-Contango,2,4,LOCAL,0.8957,FALSE,TRUE,144
2024-09-11,Contango-Surplus,1,4,DIVERGENT,0.8957,FALSE,TRUE,145
2024-09-12,Contango-Surplus,1,4,DIVERGENT,0.8993,FALSE,FALSE,145
2024-09-13,Easing-Backwardation,2,4,LOCAL,0.8777,FALSE,TRUE,146
2024-09-16,Backwardation-Deficit,1,4,DIVERGENT,0.8768,FALSE,TRUE,147
2024-09-17,Backwardation-Deficit,1,4,DIVERGENT,0.8425,FALSE,FALSE,147
2024-09-18,Backwardation-Deficit,1,4,DIVERGENT,0.8635,FALSE,FALSE,147
2024-09-19,Backwardation-Deficit,1,4,DIVERGENT,0.8907,FALSE,FALSE,147
2024-09-20,Backwardation-Deficit,1,4,DIVERGENT,0.8721,FALSE,FALSE,147
2024-09-23,Backwardation-Deficit,1,4,DIVERGENT,0.8853,FALSE,FALSE,147
2024-09-24,Stable-Elevated,2,4,LOCAL,0.8855,FALSE,TRUE,148
2024-09-25,Stable-Elevated,2,4,LOCAL,0.8864,FALSE,FALSE,148
2024-09-26,Stable-Elevated,2,4,LOCAL,0.8932,FALSE,FALSE,148
2024-09-27,Stable-Elevated,2,4,LOCAL,0.896,FALSE,FALSE,148
2024-09-30,Easing-Backwardation,2,4,LOCAL,0.8574,FALSE,FALSE,148
2024-10-01,Stable-Elevated,2,4,LOCAL,0.8968,FALSE,FALSE,148
2024-10-02,Stable-Elevated,2,4,LOCAL,0.8945,FALSE,FALSE,148
2024-10-03,Stable-Elevated,2,4,LOCAL,0.8875,FALSE,FALSE,148
2024-10-04,Stable-Elevated,2,4,LOCAL,0.8778,FALSE,FALSE,148
2024-10-07,Stable-Elevated,2,4,LOCAL,0.8758,FALSE,FALSE,148
2024-10-08,Stable-Elevated,2,4,LOCAL,0.8676,FALSE,FALSE,148
2024-10-09,Stable-Elevated,2,4,LOCAL,0.8902,FALSE,FALSE,148
2024-10-10,Stable-Elevated,2,4,LOCAL,0.8796,FALSE,FALSE,148
2024-10-11,Stable-Elevated,2,4,LOCAL,0.8902,FALSE,FALSE,148
2024-10-14,Stable-Elevated,2,4,LOCAL,0.8845,FALSE,FALSE,148
2024-10-15,Stable-Elevated,2,4,LOCAL,0.8984,FALSE,FALSE,148
2024-10-16,Stable-Elevated,2,4,LOCAL,0.8958,FALSE,FALSE,148
2024-10-17,Stable-Elevated,2,4,LOCAL,0.8826,FALSE,FALSE,148
2024-10-18,Stable-Elevated,2,4,LOCAL,0.8962,FALSE,FALSE,148
2024-10-21,Stable-Elevated,2,4,LOCAL,0.8899,FALSE,FALSE,148
2024-10-22,Stable-Elevated,2,4,LOCAL,0.8861,FALSE,FALSE,148
2024-10-23,Easing-Backwardation,2,4,LOCAL,0.8955,FALSE,FALSE,148
2024-10-24,Easing-Backwardation,2,4,LOCAL,0.8885,FALSE,FALSE,148
2024-10-25,Contango-Surplus,1,4,DIVERGENT,0.8974,FALSE,TRUE,149
2024-10-28,Contango-Surplus,1,4,DIVERGENT,0.8963,FALSE,FALSE,149
2024-10-29,Contango-Surplus,1,4,DIVERGENT,0.8974,FALSE,FALSE,149
2024-10-30,Contango-Surplus,1,4,DIVERGENT,0.8973,FALSE,FALSE,149
2024-10-31,Easing-Backwardation,2,4,LOCAL,0.8804,FALSE,TRUE,150
2024-11-01,Contango-Surplus,1,4,DIVERGENT,0.8421,FALSE,TRUE,151
2024-11-04,Contango-Surplus,1,4,DIVERGENT,0.8394,FALSE,FALSE,151
2024-11-05,Easing-Backwardation,2,4,LOCAL,0.893,FALSE,TRUE,152
2024-11-06,Easing-Backwardation,2,4,LOCAL,0.8952,FALSE,FALSE,152
2024-11-07,Contango-Surplus,1,4,DIVERGENT,0.8963,FALSE,TRUE,153
2024-11-08,Easing-Backwardation,2,4,LOCAL,0.8812,FALSE,TRUE,154
2024-11-11,Easing-Backwardation,3,4,BROAD,0.8809,FALSE,TRUE,155
2024-11-12,Easing-Backwardation,2,4,LOCAL,0.8937,FALSE,TRUE,156
2024-11-13,Easing-Backwardation,2,4,LOCAL,0.8978,FALSE,FALSE,156
2024-11-14,Easing-Backwardation,2,4,LOCAL,0.8916,FALSE,FALSE,156
2024-11-15,Easing-Backwardation,2,4,LOCAL,0.8929,FALSE,FALSE,156
2024-11-18,Stable-Elevated,2,4,LOCAL,0.8866,FALSE,FALSE,156
2024-11-19,Easing-Backwardation,2,4,LOCAL,0.8902,FALSE,FALSE,156
2024-11-20,Easing-Backwardation,2,4,LOCAL,0.8925,FALSE,FALSE,156
2024-11-21,Stable-Elevated,2,4,LOCAL,0.8892,FALSE,FALSE,156
2024-11-22,Stable-Elevated,2,4,LOCAL,0.8887,FALSE,FALSE,156
2024-11-25,Stable-Elevated,2,4,LOCAL,0.892,FALSE,FALSE,156
2024-11-26,Stable-Elevated,2,4,LOCAL,0.8881,FALSE,FALSE,156
2024-11-27,Stable-Elevated,2,4,LOCAL,0.8924,FALSE,FALSE,156
2024-11-28,Easing-Backwardation,2,4,LOCAL,0.8937,FALSE,FALSE,156
2024-11-29,Easing-Backwardation,2,4,LOCAL,0.8941,FALSE,FALSE,156
2024-12-02,Easing-Backwardation,2,4,LOCAL,0.8864,FALSE,FALSE,156
2024-12-03,Easing-Backwardation,2,4,LOCAL,0.8815,FALSE,FALSE,156
2024-12-04,Easing-Backwardation,2,4,LOCAL,0.8932,FALSE,FALSE,156
2024-12-05,Easing-Backwardation,2,4,LOCAL,0.8917,FALSE,FALSE,156
2024-12-06,Easing-Backwardation,2,4,LOCAL,0.8884,FALSE,FALSE,156
2024-12-09,Easing-Backwardation,2,4,LOCAL,0.893,FALSE,FALSE,156
2024-12-10,Easing-Backwardation,2,4,LOCAL,0.894,FALSE,FALSE,156
2024-12-11,Stable-Elevated,2,4,LOCAL,0.8695,FALSE,FALSE,156
2024-12-12,Easing-Backwardation,2,4,LOCAL,0.8784,FALSE,FALSE,156
2024-12-13,Easing-Backwardation,2,4,LOCAL,0.889,FALSE,FALSE,156
2024-12-16,Easing-Backwardation,2,4,LOCAL,0.8952,FALSE,FALSE,156
2024-12-17,Easing-Backwardation,2,4,LOCAL,0.8866,FALSE,FALSE,156
2024-12-18,Easing-Backwardation,2,4,LOCAL,0.8825,FALSE,FALSE,156
2024-12-19,Stable-Elevated,2,4,LOCAL,0.8506,FALSE,FALSE,156
2024-12-20,Stable-Elevated,2,4,LOCAL,0.8887,FALSE,FALSE,156
2024-12-23,Easing-Backwardation,2,4,LOCAL,0.8812,FALSE,FALSE,156
2024-12-24,Easing-Backwardation,2,4,LOCAL,0.87,FALSE,FALSE,156
2024-12-26,Easing-Backwardation,2,4,LOCAL,0.8892,TRUE,FALSE,156
2024-12-27,Easing-Backwardation,2,4,LOCAL,0.8925,TRUE,FALSE,156
2024-12-30,Easing-Backwardation,2,4,LOCAL,0.8972,TRUE,FALSE,156
2024-12-31,Easing-Backwardation,2,4,LOCAL,0.8954,TRUE,FALSE,156
2025-01-02,Stable-Elevated,2,4,LOCAL,0.8987,TRUE,FALSE,156
2025-01-03,Stable-Elevated,2,4,LOCAL,0.8837,TRUE,FALSE,156
2025-01-06,Stable-Elevated,3,4,BROAD,0.7992,FALSE,TRUE,157
2025-01-07,Stable-Elevated,3,4,BROAD,0.8042,FALSE,FALSE,157
2025-01-08,Stable-Elevated,3,4,BROAD,0.796,FALSE,FALSE,157
2025-01-09,Stable-Elevated,3,4,BROAD,0.801,FALSE,FALSE,157
2025-01-10,Stable-Elevated,4,4,GLOBAL,0.8208,FALSE,TRUE,158
2025-01-13,Stable-Elevated,3,4,BROAD,0.8034,FALSE,TRUE,159
2025-01-14,Stable-Elevated,3,4,BROAD,0.807,FALSE,FALSE,159
2025-01-15,Stable-Elevated,3,4,BROAD,0.8076,FALSE,FALSE,159
2025-01-16,Stable-Elevated,4,4,GLOBAL,0.824,FALSE,TRUE,160
2025-01-17,Stable-Elevated,3,4,BROAD,0.8687,FALSE,TRUE,161
2025-01-20,Stable-Elevated,2,4,LOCAL,0.8383,FALSE,TRUE,162
2025-01-21,Stable-Elevated,2,4,LOCAL,0.819,FALSE,FALSE,162
2025-01-22,Stable-Elevated,4,4,GLOBAL,0.8094,FALSE,TRUE,163
2025-01-23,Stable-Elevated,4,4,GLOBAL,0.8145,FALSE,FALSE,163
2025-01-24,Stable-Elevated,3,4,BROAD,0.8352,FALSE,TRUE,164
2025-01-27,Stable-Elevated,3,4,BROAD,0.8147,FALSE,FALSE,164
2025-01-28,Stable-Elevated,3,4,BROAD,0.8078,FALSE,FALSE,164
2025-01-29,Stable-Elevated,3,4,BROAD,0.8251,FALSE,FALSE,164
2025-01-30,Stable-Elevated,3,4,BROAD,0.8174,FALSE,FALSE,164
2025-01-31,Stable-Elevated,3,4,BROAD,0.7918,FALSE,FALSE,164
2025-02-03,Stable-Elevated,3,4,BROAD,0.7937,FALSE,FALSE,164
2025-02-04,Stable-Elevated,3,4,BROAD,0.8051,FALSE,FALSE,164
2025-02-05,Stable-Elevated,3,4,BROAD,0.7952,FALSE,FALSE,164
2025-02-06,Backwardation-Deficit,1,4,DIVERGENT,0.8922,TRUE,TRUE,165
2025-02-07,Backwardation-Deficit,1,4,DIVERGENT,0.8767,TRUE,FALSE,165
2025-02-10,Backwardation-Deficit,1,4,DIVERGENT,0.8973,TRUE,FALSE,165
2025-02-11,Backwardation-Deficit,1,4,DIVERGENT,0.8883,TRUE,FALSE,165
2025-02-12,Backwardation-Deficit,1,4,DIVERGENT,0.896,TRUE,FALSE,165
2025-02-13,Backwardation-Deficit,1,4,DIVERGENT,0.8874,TRUE,FALSE,165
2025-02-14,Backwardation-Deficit,1,4,DIVERGENT,0.8915,TRUE,FALSE,165
2025-02-17,Stable-Elevated,2,4,LOCAL,0.7454,FALSE,TRUE,166
2025-02-18,Stable-Elevated,2,4,LOCAL,0.7542,FALSE,FALSE,166
2025-02-19,Stable-Elevated,2,4,LOCAL,0.7634,FALSE,FALSE,166
2025-02-20,Stable-Elevated,2,4,LOCAL,0.774,FALSE,FALSE,166
2025-02-21,Stable-Elevated,2,4,LOCAL,0.769,FALSE,FALSE,166
2025-02-24,Stable-Elevated,2,4,LOCAL,0.7975,FALSE,FALSE,166
2025-02-25,Stable-Elevated,2,4,LOCAL,0.7924,FALSE,FALSE,166
2025-02-26,Stable-Elevated,2,4,LOCAL,0.7962,FALSE,FALSE,166
2025-02-27,Stable-Elevated,2,4,LOCAL,0.8092,FALSE,FALSE,166
2025-02-28,Stable-Elevated,3,4,BROAD,0.8433,FALSE,TRUE,167
2025-03-03,Stable-Elevated,2,4,LOCAL,0.8398,FALSE,TRUE,168
2025-03-04,Stable-Elevated,3,4,BROAD,0.8451,FALSE,TRUE,169
2025-03-05,Stable-Elevated,2,4,LOCAL,0.8436,FALSE,TRUE,170
2025-03-06,Stable-Elevated,2,4,LOCAL,0.8545,FALSE,FALSE,170
2025-03-07,Stable-Elevated,3,4,BROAD,0.8539,FALSE,TRUE,171
2025-03-10,Stable-Elevated,3,4,BROAD,0.86,FALSE,FALSE,171
2025-03-11,Stable-Elevated,3,4,BROAD,0.8668,FALSE,FALSE,171
2025-03-12,Stable-Elevated,3,4,BROAD,0.8795,FALSE,FALSE,171
2025-03-13,Stable-Elevated,3,4,BROAD,0.8758,FALSE,FALSE,171
2025-03-14,Stable-Elevated,3,4,BROAD,0.8891,FALSE,FALSE,171
2025-03-17,Stable-Elevated,3,4,BROAD,0.8908,FALSE,FALSE,171
2025-03-18,Stable-Elevated,3,4,BROAD,0.8925,FALSE,FALSE,171
2025-03-19,Stable-Elevated,2,4,LOCAL,0.8926,FALSE,TRUE,172
2025-03-20,Stable-Elevated,2,4,LOCAL,0.891,FALSE,FALSE,172
2025-03-21,Stable-Elevated,3,4,BROAD,0.8946,FALSE,TRUE,173
2025-03-24,Stable-Elevated,3,4,BROAD,0.8964,FALSE,FALSE,173
2025-03-25,Stable-Elevated,2,4,LOCAL,0.8944,FALSE,TRUE,174
2025-03-26,Stable-Elevated,3,4,BROAD,0.8913,FALSE,TRUE,175
2025-03-27,Stable-Elevated,3,4,BROAD,0.8918,FALSE,FALSE,175
2025-03-28,Stable-Elevated,3,4,BROAD,0.8797,FALSE,FALSE,175
2025-03-31,Stable-Elevated,3,4,BROAD,0.8796,FALSE,FALSE,175
2025-04-01,Stable-Elevated,3,4,BROAD,0.8719,FALSE,FALSE,175
2025-04-02,Stable-Elevated,3,4,BROAD,0.8895,FALSE,FALSE,175
2025-04-03,Stable-Elevated,3,4,BROAD,0.8859,FALSE,FALSE,175
2025-04-04,Stable-Elevated,3,4,BROAD,0.8923,FALSE,FALSE,175
2025-04-07,Stable-Elevated,2,4,LOCAL,0.8809,FALSE,TRUE,176
2025-04-08,Stable-Elevated,2,4,LOCAL,0.878,FALSE,FALSE,176
2025-04-09,Stable-Elevated,3,4,BROAD,0.8753,FALSE,TRUE,177
2025-04-10,Stable-Elevated,3,4,BROAD,0.8828,FALSE,FALSE,177
2025-04-11,Stable-Elevated,4,4,GLOBAL,0.87,FALSE,TRUE,178
2025-04-14,Stable-Elevated,3,4,BROAD,0.884,FALSE,TRUE,179
2025-04-15,Stable-Elevated,4,4,GLOBAL,0.8935,FALSE,TRUE,180
2025-04-16,Stable-Elevated,3,4,BROAD,0.8877,FALSE,TRUE,181
2025-04-17,Stable-Elevated,4,4,GLOBAL,0.8814,FALSE,TRUE,182
2025-04-21,Stable-Elevated,4,4,GLOBAL,0.8824,FALSE,FALSE,182
2025-04-22,Stable-Elevated,3,4,BROAD,0.8949,FALSE,TRUE,183
2025-04-23,Stable-Elevated,3,4,BROAD,0.8939,FALSE,FALSE,183
2025-04-24,Stable-Elevated,3,4,BROAD,0.8853,FALSE,FALSE,183
2025-04-25,Stable-Elevated,3,4,BROAD,0.8929,FALSE,FALSE,183
2025-04-28,Stable-Elevated,3,4,BROAD,0.8939,FALSE,FALSE,183
2025-04-29,Stable-Elevated,3,4,BROAD,0.8735,FALSE,FALSE,183
2025-04-30,Stable-Elevated,3,4,BROAD,0.8911,FALSE,FALSE,183
2025-05-01,Stable-Elevated,3,4,BROAD,0.8762,FALSE,FALSE,183
2025-05-02,Stable-Elevated,3,4,BROAD,0.8879,FALSE,FALSE,183
2025-05-05,Easing-Backwardation,2,4,LOCAL,0.8845,FALSE,TRUE,184
2025-05-06,Stable-Elevated,4,4,GLOBAL,0.8905,FALSE,TRUE,185
2025-05-07,Easing-Backwardation,2,4,LOCAL,0.8836,FALSE,TRUE,186
2025-05-08,Stable-Elevated,4,4,GLOBAL,0.895,FALSE,TRUE,187
2025-05-09,Stable-Elevated,4,4,GLOBAL,0.8921,FALSE,FALSE,187
2025-05-12,Stable-Elevated,3,4,BROAD,0.8866,FALSE,TRUE,188
2025-05-13,Stable-Elevated,4,4,GLOBAL,0.885,FALSE,TRUE,189
2025-05-14,Stable-Elevated,3,4,BROAD,0.8915,FALSE,TRUE,190
2025-05-15,Stable-Elevated,3,4,BROAD,0.8891,FALSE,FALSE,190
2025-05-16,Stable-Elevated,4,4,GLOBAL,0.8604,FALSE,TRUE,191
2025-05-19,Stable-Elevated,4,4,GLOBAL,0.8639,FALSE,FALSE,191
2025-05-20,Stable-Elevated,4,4,GLOBAL,0.8907,FALSE,FALSE,191
2025-05-21,Stable-Elevated,4,4,GLOBAL,0.8938,FALSE,FALSE,191
2025-05-22,Stable-Elevated,4,4,GLOBAL,0.8932,FALSE,FALSE,191
2025-05-23,Stable-Elevated,4,4,GLOBAL,0.8842,FALSE,FALSE,191
2025-05-26,Stable-Elevated,4,4,GLOBAL,0.885,FALSE,FALSE,191
2025-05-27,Stable-Elevated,4,4,GLOBAL,0.8862,FALSE,FALSE,191
2025-05-28,Stable-Elevated,4,4,GLOBAL,0.8862,FALSE,FALSE,191
2025-05-29,Stable-Elevated,3,4,BROAD,0.8955,FALSE,TRUE,192
2025-05-30,Backwardation-Deficit,2,4,LOCAL,0.8469,FALSE,TRUE,193
2025-06-02,Stable-Elevated,3,4,BROAD,0.8937,FALSE,TRUE,194
2025-06-03,Stable-Elevated,3,4,BROAD,0.8933,FALSE,FALSE,194
2025-06-04,Stable-Elevated,3,4,BROAD,0.8909,FALSE,FALSE,194
2025-06-05,Stable-Elevated,3,4,BROAD,0.8811,FALSE,FALSE,194
2025-06-06,Stable-Elevated,3,4,BROAD,0.8778,FALSE,FALSE,194
2025-06-08,Backwardation-Deficit,2,4,LOCAL,0.848,FALSE,TRUE,195
2025-06-09,Backwardation-Deficit,2,4,LOCAL,0.8534,FALSE,FALSE,195
2025-06-10,Backwardation-Deficit,2,4,LOCAL,0.8819,FALSE,FALSE,195
2025-06-11,Stable-Elevated,2,4,LOCAL,0.8933,FALSE,FALSE,195
2025-06-12,Stable-Elevated,3,4,BROAD,0.8784,FALSE,TRUE,196
2025-06-13,Deep-Backwardation,2,4,LOCAL,0.8344,FALSE,TRUE,197
2025-06-16,Backwardation-Deficit,2,4,LOCAL,0.8434,FALSE,FALSE,197
2025-06-17,Deep-Backwardation,2,4,LOCAL,0.8486,FALSE,FALSE,197
2025-06-18,Deep-Backwardation,2,4,LOCAL,0.84,FALSE,FALSE,197
2025-06-19,Deep-Backwardation,3,4,BROAD,0.7869,FALSE,TRUE,198
2025-06-20,Deep-Backwardation,3,4,BROAD,0.8495,FALSE,FALSE,198
2025-06-23,Stable-Elevated,2,4,LOCAL,0.8369,FALSE,TRUE,199
2025-06-24,Stable-Elevated,2,4,LOCAL,0.8772,FALSE,FALSE,199
2025-06-25,Backwardation-Deficit,1,4,DIVERGENT,0.8863,FALSE,TRUE,200
2025-06-26,Deep-Backwardation,2,4,LOCAL,0.8738,FALSE,TRUE,201
2025-06-27,Backwardation-Deficit,2,4,LOCAL,0.885,FALSE,FALSE,201
2025-06-30,Deep-Backwardation,2,4,LOCAL,0.8682,FALSE,FALSE,201
2025-07-01,Deep-Backwardation,2,4,LOCAL,0.8868,FALSE,FALSE,201
2025-07-02,Deep-Backwardation,2,4,LOCAL,0.8668,FALSE,FALSE,201
2025-07-03,Deep-Backwardation,2,4,LOCAL,0.8686,FALSE,FALSE,201
2025-07-04,Deep-Backwardation,2,4,LOCAL,0.8166,FALSE,FALSE,201
2025-07-07,Backwardation-Deficit,2,4,LOCAL,0.8676,FALSE,FALSE,201
2025-07-08,Deep-Backwardation,2,4,LOCAL,0.8626,FALSE,FALSE,201
2025-07-09,Deep-Backwardation,2,4,LOCAL,0.8814,FALSE,FALSE,201
2025-07-10,Deep-Backwardation,2,4,LOCAL,0.7547,FALSE,FALSE,201
2025-07-11,Deep-Backwardation,2,4,LOCAL,0.7647,FALSE,FALSE,201
2025-07-14,Stable-Elevated,2,4,LOCAL,0.8834,FALSE,FALSE,201
2025-07-15,Deep-Backwardation,2,4,LOCAL,0.8909,FALSE,FALSE,201
2025-07-16,Deep-Backwardation,2,4,LOCAL,0.8774,FALSE,FALSE,201
2025-07-17,Deep-Backwardation,2,4,LOCAL,0.8654,FALSE,FALSE,201
2025-07-18,Deep-Backwardation,2,4,LOCAL,0.8798,FALSE,FALSE,201
2025-07-21,Deep-Backwardation,2,4,LOCAL,0.8436,FALSE,FALSE,201
2025-07-22,Stable-Elevated,2,4,LOCAL,0.8962,FALSE,FALSE,201
2025-07-23,Stable-Elevated,2,4,LOCAL,0.8842,FALSE,FALSE,201
2025-07-24,Easing-Backwardation,2,4,LOCAL,0.8612,FALSE,FALSE,201
2025-07-25,Stable-Elevated,2,4,LOCAL,0.898,FALSE,FALSE,201
2025-07-28,Easing-Backwardation,2,4,LOCAL,0.8806,FALSE,FALSE,201
2025-07-29,Easing-Backwardation,2,4,LOCAL,0.8905,FALSE,FALSE,201
2025-07-30,Stable-Elevated,3,4,BROAD,0.8865,FALSE,TRUE,202
2025-07-31,Easing-Backwardation,2,4,LOCAL,0.8836,FALSE,TRUE,203
2025-08-01,Stable-Elevated,2,4,LOCAL,0.8812,FALSE,FALSE,203
2025-08-04,Stable-Elevated,3,4,BROAD,0.8936,FALSE,TRUE,204
2025-08-05,Stable-Elevated,3,4,BROAD,0.8945,FALSE,FALSE,204
2025-08-06,Stable-Elevated,3,4,BROAD,0.8954,FALSE,FALSE,204
2025-08-07,Stable-Elevated,3,4,BROAD,0.8888,FALSE,FALSE,204
2025-08-08,Stable-Elevated,3,4,BROAD,0.8939,FALSE,FALSE,204
2025-08-11,Stable-Elevated,3,4,BROAD,0.8848,FALSE,FALSE,204
2025-08-12,Stable-Elevated,3,4,BROAD,0.8881,FALSE,FALSE,204
2025-08-13,Stable-Elevated,3,4,BROAD,0.883,FALSE,FALSE,204
2025-08-14,Stable-Elevated,3,4,BROAD,0.8897,FALSE,FALSE,204
2025-08-15,Stable-Elevated,3,4,BROAD,0.8914,FALSE,FALSE,204
2025-08-18,Stable-Elevated,3,4,BROAD,0.8958,FALSE,FALSE,204
2025-08-19,Stable-Elevated,4,4,GLOBAL,0.8887,FALSE,TRUE,205
2025-08-20,Stable-Elevated,4,4,GLOBAL,0.8964,FALSE,FALSE,205
2025-08-21,Stable-Elevated,4,4,GLOBAL,0.8927,FALSE,FALSE,205
2025-08-22,Stable-Elevated,4,4,GLOBAL,0.8964,FALSE,FALSE,205
2025-08-25,Stable-Elevated,4,4,GLOBAL,0.8909,FALSE,FALSE,205
2025-08-26,Stable-Elevated,4,4,GLOBAL,0.8953,FALSE,FALSE,205
2025-08-27,Stable-Elevated,4,4,GLOBAL,0.895,FALSE,FALSE,205
2025-08-28,Stable-Elevated,3,4,BROAD,0.8986,FALSE,TRUE,206
2025-08-29,Stable-Elevated,3,4,BROAD,0.891,FALSE,FALSE,206
2025-09-01,Stable-Elevated,4,4,GLOBAL,0.8906,FALSE,TRUE,207
2025-09-02,Stable-Elevated,4,4,GLOBAL,0.8902,FALSE,FALSE,207
2025-09-03,Stable-Elevated,4,4,GLOBAL,0.8838,FALSE,FALSE,207
2025-09-04,Stable-Elevated,4,4,GLOBAL,0.8943,FALSE,FALSE,207
2025-09-05,Stable-Elevated,4,4,GLOBAL,0.8841,FALSE,FALSE,207
2025-09-08,Stable-Elevated,3,4,BROAD,0.8826,FALSE,TRUE,208
2025-09-09,Easing-Backwardation,2,4,LOCAL,0.8906,FALSE,TRUE,209
2025-09-10,Easing-Backwardation,2,4,LOCAL,0.8939,FALSE,FALSE,209
2025-09-11,Easing-Backwardation,2,4,LOCAL,0.895,FALSE,FALSE,209
2025-09-12,Stable-Elevated,2,4,LOCAL,0.8932,FALSE,FALSE,209
2025-09-15,Stable-Elevated,2,4,LOCAL,0.8937,FALSE,FALSE,209
2025-09-16,Stable-Elevated,2,4,LOCAL,0.8949,FALSE,FALSE,209
2025-09-17,Stable-Elevated,2,4,LOCAL,0.8975,FALSE,FALSE,209
2025-09-18,Stable-Elevated,2,4,LOCAL,0.8955,FALSE,FALSE,209
2025-09-19,Stable-Elevated,2,4,LOCAL,0.892,FALSE,FALSE,209
2025-09-22,Stable-Elevated,2,4,LOCAL,0.8894,FALSE,FALSE,209
2025-09-23,Stable-Elevated,3,4,BROAD,0.8965,FALSE,TRUE,210
2025-09-24,Stable-Elevated,3,4,BROAD,0.8909,FALSE,FALSE,210
2025-09-25,Stable-Elevated,3,4,BROAD,0.8896,FALSE,FALSE,210
2025-09-26,Stable-Elevated,3,4,BROAD,0.8871,FALSE,FALSE,210
2025-09-29,Stable-Elevated,4,4,GLOBAL,0.8896,FALSE,TRUE,211
2025-09-30,Stable-Elevated,3,4,BROAD,0.8619,FALSE,TRUE,212
2025-10-01,Easing-Backwardation,2,4,LOCAL,0.8623,FALSE,TRUE,213
2025-10-02,Easing-Backwardation,2,4,LOCAL,0.877,FALSE,FALSE,213
2025-10-03,Easing-Backwardation,2,4,LOCAL,0.8898,FALSE,FALSE,213
2025-10-06,Stable-Elevated,3,4,BROAD,0.8812,FALSE,TRUE,214
2025-10-07,Stable-Elevated,3,4,BROAD,0.8934,FALSE,FALSE,214
2025-10-08,Stable-Elevated,4,4,GLOBAL,0.8856,FALSE,TRUE,215
2025-10-09,Stable-Elevated,4,4,GLOBAL,0.8986,FALSE,FALSE,215
2025-10-10,Stable-Elevated,3,4,BROAD,0.8899,FALSE,TRUE,216
2025-10-13,Stable-Elevated,3,4,BROAD,0.8932,FALSE,FALSE,216
2025-10-14,Easing-Backwardation,2,4,LOCAL,0.896,FALSE,TRUE,217
2025-10-15,Easing-Backwardation,2,4,LOCAL,0.8954,FALSE,FALSE,217
2025-10-16,Stable-Elevated,3,4,BROAD,0.8914,FALSE,TRUE,218
2025-10-17,Easing-Backwardation,2,4,LOCAL,0.8834,FALSE,TRUE,219
2025-10-20,Stable-Elevated,3,4,BROAD,0.8917,FALSE,TRUE,220
2025-10-21,Stable-Elevated,3,4,BROAD,0.8722,FALSE,FALSE,220
2025-10-22,Stable-Elevated,2,4,LOCAL,0.8974,FALSE,TRUE,221
2025-10-23,Stable-Elevated,3,4,BROAD,0.8627,FALSE,TRUE,222
2025-10-24,Stable-Elevated,3,4,BROAD,0.8785,FALSE,FALSE,222
2025-10-27,Stable-Elevated,3,4,BROAD,0.8826,FALSE,FALSE,222
2025-10-28,Stable-Elevated,2,4,LOCAL,0.8886,FALSE,TRUE,223
2025-10-29,Stable-Elevated,2,4,LOCAL,0.896,FALSE,FALSE,223
2025-10-30,Stable-Elevated,2,4,LOCAL,0.8726,FALSE,FALSE,223
2025-10-31,Easing-Backwardation,2,4,LOCAL,0.8716,FALSE,FALSE,223
2025-11-03,Stable-Elevated,2,4,LOCAL,0.8822,FALSE,FALSE,223
2025-11-04,Stable-Elevated,2,4,LOCAL,0.8988,FALSE,FALSE,223
2025-11-05,Easing-Backwardation,2,4,LOCAL,0.8915,FALSE,FALSE,223
2025-11-06,Easing-Backwardation,2,4,LOCAL,0.8913,FALSE,FALSE,223
2025-11-07,Easing-Backwardation,2,4,LOCAL,0.8944,FALSE,FALSE,223
2025-11-10,Easing-Backwardation,2,4,LOCAL,0.8935,FALSE,FALSE,223
2025-11-11,Easing-Backwardation,2,4,LOCAL,0.8978,FALSE,FALSE,223
2025-11-12,Easing-Backwardation,2,4,LOCAL,0.8816,FALSE,FALSE,223
2025-11-13,Stable-Elevated,2,4,LOCAL,0.8912,FALSE,FALSE,223
2025-11-14,Stable-Elevated,2,4,LOCAL,0.8787,FALSE,FALSE,223
2025-11-17,Stable-Elevated,2,4,LOCAL,0.8671,FALSE,FALSE,223
2025-11-18,Backwardation-Deficit,1,4,DIVERGENT,0.8827,FALSE,TRUE,224
2025-11-19,Backwardation-Deficit,1,4,DIVERGENT,0.8812,FALSE,FALSE,224
2025-11-20,Backwardation-Deficit,1,4,DIVERGENT,0.8807,FALSE,FALSE,224
2025-11-21,Backwardation-Deficit,1,4,DIVERGENT,0.8767,FALSE,FALSE,224
2025-11-24,Stable-Elevated,2,4,LOCAL,0.8796,FALSE,TRUE,225
2025-11-25,Stable-Elevated,2,4,LOCAL,0.8877,FALSE,FALSE,225
2025-11-26,Easing-Backwardation,2,4,LOCAL,0.851,FALSE,FALSE,225
2025-11-27,Easing-Backwardation,2,4,LOCAL,0.8766,FALSE,FALSE,225
2025-11-28,Easing-Backwardation,2,4,LOCAL,0.888,FALSE,FALSE,225
2025-12-01,Easing-Backwardation,2,4,LOCAL,0.8621,FALSE,FALSE,225
2025-12-02,Easing-Backwardation,2,4,LOCAL,0.8966,FALSE,FALSE,225
2025-12-03,Stable-Elevated,3,4,BROAD,0.8825,FALSE,TRUE,226
2025-12-04,Stable-Elevated,3,4,BROAD,0.8924,FALSE,FALSE,226
2025-12-05,Easing-Backwardation,2,4,LOCAL,0.8997,FALSE,TRUE,227
2025-12-08,Easing-Backwardation,2,4,LOCAL,0.8955,FALSE,FALSE,227
2025-12-09,Easing-Backwardation,2,4,LOCAL,0.8869,FALSE,FALSE,227
2025-12-10,Easing-Backwardation,2,4,LOCAL,0.8913,FALSE,FALSE,227
2025-12-11,Easing-Backwardation,2,4,LOCAL,0.8874,FALSE,FALSE,227
2025-12-12,Easing-Backwardation,2,4,LOCAL,0.891,FALSE,FALSE,227
2025-12-15,Easing-Backwardation,2,4,LOCAL,0.8995,FALSE,FALSE,227
2025-12-16,Easing-Backwardation,2,4,LOCAL,0.8913,FALSE,FALSE,227
2025-12-17,Easing-Backwardation,2,4,LOCAL,0.891,FALSE,FALSE,227
2025-12-18,Easing-Backwardation,2,4,LOCAL,0.8832,FALSE,FALSE,227
2025-12-19,Stable-Elevated,3,4,BROAD,0.8957,FALSE,TRUE,228
2025-12-22,Stable-Elevated,3,4,BROAD,0.8909,FALSE,FALSE,228
2025-12-23,Stable-Elevated,3,4,BROAD,0.8853,FALSE,FALSE,228
2025-12-24,Stable-Elevated,2,4,LOCAL,0.8989,FALSE,TRUE,229
2025-12-26,Easing-Backwardation,2,4,LOCAL,0.8454,FALSE,FALSE,229
2025-12-29,Stable-Elevated,2,4,LOCAL,0.8892,FALSE,FALSE,229
2025-12-30,Easing-Backwardation,2,4,LOCAL,0.8851,FALSE,FALSE,229
2025-12-31,Easing-Backwardation,2,4,LOCAL,0.897,FALSE,FALSE,229
2026-01-02,Easing-Backwardation,2,4,LOCAL,0.8895,FALSE,FALSE,229
2026-01-05,Stable-Elevated,3,4,BROAD,0.8426,FALSE,TRUE,230
2026-01-06,Easing-Backwardation,2,4,LOCAL,0.8865,FALSE,TRUE,231
2026-01-07,Stable-Elevated,3,4,BROAD,0.8382,FALSE,TRUE,232
2026-01-08,Easing-Backwardation,2,4,LOCAL,0.8924,FALSE,TRUE,233
2026-01-09,Easing-Backwardation,2,4,LOCAL,0.8791,FALSE,FALSE,233
2026-01-12,Stable-Elevated,3,4,BROAD,0.817,FALSE,TRUE,234
2026-01-13,Stable-Elevated,3,4,BROAD,0.8054,FALSE,FALSE,234
2026-01-14,Stable-Elevated,3,4,BROAD,0.8125,FALSE,FALSE,234
2026-01-15,Stable-Elevated,3,4,BROAD,0.8084,FALSE,FALSE,234
2026-01-16,Stable-Elevated,3,4,BROAD,0.798,FALSE,FALSE,234
2026-01-19,Stable-Elevated,2,4,LOCAL,0.8583,TRUE,TRUE,235
2026-01-20,Stable-Elevated,2,4,LOCAL,0.8204,TRUE,FALSE,235
2026-01-21,Stable-Elevated,2,4,LOCAL,0.8164,TRUE,FALSE,235
2026-01-22,Stable-Elevated,2,4,LOCAL,0.819,TRUE,FALSE,235
2026-01-23,Stable-Elevated,2,4,LOCAL,0.8032,TRUE,FALSE,235
2026-01-26,Stable-Elevated,2,4,LOCAL,0.7585,TRUE,FALSE,235
2026-01-27,Stable-Elevated,2,4,LOCAL,0.7662,TRUE,FALSE,235
2026-01-28,Stable-Elevated,2,4,LOCAL,0.7558,TRUE,FALSE,235
2026-01-29,Stable-Elevated,2,4,LOCAL,0.72,FALSE,FALSE,235
2026-01-30,Backwardation-Deficit,1,4,DIVERGENT,0.6539,FALSE,TRUE,236
2026-02-02,Stable-Elevated,2,4,LOCAL,0.6682,TRUE,TRUE,237
2026-02-03,Stable-Elevated,2,4,LOCAL,0.6758,TRUE,FALSE,237
2026-02-04,Stable-Elevated,2,4,LOCAL,0.672,TRUE,FALSE,237
2026-02-05,Stable-Elevated,3,4,BROAD,0.6589,TRUE,TRUE,238
2026-02-06,Stable-Elevated,2,4,LOCAL,0.6448,TRUE,TRUE,239
2026-02-09,Transition-Tightening,2,4,LOCAL,0.5818,TRUE,FALSE,239
2026-02-10,Stable-Elevated,2,4,LOCAL,0.6741,TRUE,FALSE,239
2026-02-11,Transition-Tightening,2,4,LOCAL,0.5658,TRUE,FALSE,239
2026-02-12,Transition-Tightening,3,4,BROAD,0.5754,TRUE,TRUE,240
2026-02-13,Transition-Tightening,2,4,LOCAL,0.5724,TRUE,TRUE,241
2026-02-16,Transition-Tightening,2,4,LOCAL,0.562,TRUE,FALSE,241
2026-02-17,Transition-Tightening,2,4,LOCAL,0.5764,TRUE,FALSE,241
2026-02-18,Transition-Tightening,2,4,LOCAL,0.5619,TRUE,FALSE,241
2026-02-19,Deep-Backwardation,1,4,DIVERGENT,0.8451,TRUE,TRUE,242
2026-02-20,Deep-Backwardation,1,4,DIVERGENT,0.8609,TRUE,FALSE,242
2026-02-23,Easing-Backwardation,2,4,LOCAL,0.6562,FALSE,TRUE,243
2026-02-24,Easing-Backwardation,2,4,LOCAL,0.6644,FALSE,FALSE,243
2026-02-25,Easing-Backwardation,2,4,LOCAL,0.6688,FALSE,FALSE,243
2026-02-26,Deep-Backwardation,1,4,DIVERGENT,0.8774,FALSE,TRUE,244
2026-02-27,Stable-Elevated,2,4,LOCAL,0.5394,FALSE,TRUE,245
2026-03-02,Deep-Backwardation,2,4,LOCAL,0.7401,FALSE,FALSE,245
2026-03-03,Deep-Backwardation,3,4,BROAD,0.7409,FALSE,TRUE,246
2026-03-04,Deep-Backwardation,3,4,BROAD,0.76,FALSE,FALSE,246
2026-03-05,Deep-Backwardation,4,4,GLOBAL,0.6817,FALSE,TRUE,247
2026-03-06,Deep-Backwardation,4,4,GLOBAL,0.6812,FALSE,FALSE,247
2026-03-09,Deep-Backwardation,4,4,GLOBAL,0.6664,FALSE,FALSE,247
2026-03-10,Deep-Backwardation,3,4,BROAD,0.7548,FALSE,TRUE,248
2026-03-11,Deep-Backwardation,3,4,BROAD,0.727,FALSE,FALSE,248
2026-03-12,Deep-Backwardation,3,4,BROAD,0.7604,FALSE,FALSE,248
2026-03-13,Deep-Backwardation,4,4,GLOBAL,0.7599,FALSE,TRUE,249
2026-03-16,Deep-Backwardation,3,4,BROAD,0.7802,FALSE,TRUE,250
2026-03-17,Deep-Backwardation,3,4,BROAD,0.8003,FALSE,FALSE,250
2026-03-18,Deep-Backwardation,3,4,BROAD,0.8253,FALSE,FALSE,250
2026-03-19,Deep-Backwardation,3,4,BROAD,0.8258,FALSE,FALSE,250
2026-03-20,Deep-Backwardation,3,4,BROAD,0.7993,FALSE,FALSE,250
2026-03-23,Deep-Backwardation,4,4,GLOBAL,0.7062,FALSE,TRUE,251
2026-03-24,Deep-Backwardation,4,4,GLOBAL,0.7514,FALSE,FALSE,251
2026-03-25,Deep-Backwardation,4,4,GLOBAL,0.7533,FALSE,FALSE,251
2026-03-26,Deep-Backwardation,4,4,GLOBAL,0.7983,FALSE,FALSE,251
2026-03-27,Deep-Backwardation,4,4,GLOBAL,0.7161,FALSE,FALSE,251
2026-03-30,Deep-Backwardation,4,4,GLOBAL,0.7827,FALSE,FALSE,251
2026-03-31,Deep-Backwardation,3,4,BROAD,0.7223,FALSE,TRUE,252
2026-04-01,Deep-Backwardation,4,4,GLOBAL,0.6972,FALSE,TRUE,253
2026-04-02,Deep-Backwardation,4,4,GLOBAL,0.7689,FALSE,FALSE,253
2026-04-06,Deep-Backwardation,4,4,GLOBAL,0.7659,FALSE,FALSE,253
2026-04-07,Deep-Backwardation,4,4,GLOBAL,0.7678,FALSE,FALSE,253
2026-04-08,Deep-Backwardation,4,4,GLOBAL,0.6738,FALSE,FALSE,253
2026-04-09,Deep-Backwardation,4,4,GLOBAL,0.7507,FALSE,FALSE,253
2026-04-10,Deep-Backwardation,4,4,GLOBAL,0.7091,FALSE,FALSE,253
2026-04-13,Deep-Backwardation,4,4,GLOBAL,0.8012,FALSE,FALSE,253
2026-04-14,Deep-Backwardation,4,4,GLOBAL,0.7109,FALSE,FALSE,253
2026-04-15,Deep-Backwardation,4,4,GLOBAL,0.7752,FALSE,FALSE,253
2026-04-16,Deep-Backwardation,4,4,GLOBAL,0.7256,FALSE,FALSE,253
2026-04-17,Deep-Backwardation,3,4,BROAD,0.6655,FALSE,TRUE,254
2026-04-20,Deep-Backwardation,3,4,BROAD,0.765,FALSE,FALSE,254
2026-04-21,Deep-Backwardation,3,4,BROAD,0.8224,FALSE,FALSE,254
2026-04-22,Deep-Backwardation,3,4,BROAD,0.7944,FALSE,FALSE,254
2026-04-23,Deep-Backwardation,3,4,BROAD,0.8618,FALSE,FALSE,254
2026-04-24,Deep-Backwardation,3,4,BROAD,0.8508,FALSE,FALSE,254
2026-04-27,Deep-Backwardation,3,4,BROAD,0.8003,FALSE,FALSE,254
2026-04-28,Deep-Backwardation,3,4,BROAD,0.7926,FALSE,FALSE,254
2026-04-29,Deep-Backwardation,3,4,BROAD,0.7305,FALSE,FALSE,254
2026-04-30,Deep-Backwardation,3,4,BROAD,0.7838,FALSE,FALSE,254
2026-05-01,Deep-Backwardation,4,4,GLOBAL,0.8321,FALSE,TRUE,255
2026-05-04,Deep-Backwardation,4,4,GLOBAL,0.797,FALSE,FALSE,255
2026-05-05,Deep-Backwardation,4,4,GLOBAL,0.8623,FALSE,FALSE,255
2026-05-06,Deep-Backwardation,3,4,BROAD,0.8233,FALSE,TRUE,256
2026-05-07,Deep-Backwardation,3,4,BROAD,0.8229,FALSE,FALSE,256
2026-05-08,Deep-Backwardation,3,4,BROAD,0.8374,FALSE,FALSE,256
2026-05-11,Deep-Backwardation,3,4,BROAD,0.8372,FALSE,FALSE,256
2026-05-12,Deep-Backwardation,3,4,BROAD,0.8736,FALSE,FALSE,256
2026-05-13,Deep-Backwardation,3,4,BROAD,0.8557,FALSE,FALSE,256
2026-05-14,Deep-Backwardation,2,4,LOCAL,0.886,FALSE,TRUE,257
2026-05-15,Deep-Backwardation,2,4,LOCAL,0.8494,FALSE,FALSE,257
2026-05-18,Deep-Backwardation,2,4,LOCAL,0.8735,FALSE,FALSE,257
2026-05-19,Deep-Backwardation,2,4,LOCAL,0.8298,FALSE,FALSE,257
2026-05-20,Deep-Backwardation,2,4,LOCAL,0.8321,FALSE,FALSE,257
